rank,uri,artist_names,track_name,source,peak_rank,previous_rank,weeks_on_chart,streams,chart_week,is_new_entry,rank_change,genre,song_key,previous_rank_model,rank_change_model,is_new_entry_model,week_index,predicted_streams_next_week,predicted_growth_pct
1,spotify:track:2HRgqmZQC0MC7GeNuDIXHN,"Jung Kook, Latto",Seven (feat. Latto) (Explicit Ver.),BIGHIT MUSIC,1,1,154,1891737,2026-06-25,False,0.0,Pop,"seven (feat. latto) (explicit ver.) - jung kook, latto",1,0.0,0,12,1785918.7208748567,-5.593709861632103
2,spotify:track:68lbSrXDORS51pmyjZv712,BTS,SWIM,BIGHIT MUSIC,1,2,14,1314752,2026-06-25,False,0.0,Pop,swim - bts,2,0.0,0,12,1237894.9495172217,-5.845745089779544
3,spotify:track:6ELX356o21U28T73ZxruUj,"Hngle, Bảo Anh",Tìm Em (feat. Bảo Anh),Sony Music Entertainment,3,-1,1,983192,2026-06-25,True,,Ballad,"tìm em (feat. bảo anh) - hngle, bảo anh",201,0.0,1,12,969466.0700409284,-1.3960579377244289
4,spotify:track:0a32EBPjqAe47cYDPE5Ia5,"Binz, SOOBIN",Em (feat. SOOBIN),SS LABEL,3,3,5,894772,2026-06-25,False,-1.0,R&B/Soul,"em (feat. soobin) - binz, soobin",3,-1.0,0,12,839184.9857749558,-6.212422184092056
5,spotify:track:1ApIGNgp1azc0qB61x4GzG,"Hngle, Ari",Không Buông,Umusic Vietnam Co. Ltd. Distributed Labels,2,4,42,845978,2026-06-25,False,-1.0,Pop,"không buông - hngle, ari",4,-1.0,0,12,801644.4201611474,-5.240512145570291
6,spotify:track:6BnPsHZv1jPbPAsQsm0s5b,"RPT MCK, A$AP Ướt Mi",Nếu Như Ta Chẳng Còn (feat. A$AP Ướt Mi),311synd.,6,-1,1,764524,2026-06-25,True,,Ballad,"nếu như ta chẳng còn (feat. a$ap ướt mi) - rpt mck, a$ap ướt mi",201,0.0,1,12,764866.392485229,0.044785053867367045
7,spotify:track:7bFFUPBiF15n8m8RziqS4o,GREY D,dự báo thời tiết hôm nay mưa,Umusic Vietnam Co. Ltd. Distributed Labels,5,5,188,665127,2026-06-25,False,-2.0,R&B/Soul,dự báo thời tiết hôm nay mưa - grey d,5,-2.0,0,12,636239.1730994924,-4.343204666252844
8,spotify:track:4nXrVH5xwN1w6TpmP7uu8n,"HIEUTHUHAI, marzuz",Exit Sign,M Music Records,4,9,141,640784,2026-06-25,False,1.0,Rap/Hip-hop,"exit sign - hieuthuhai, marzuz",9,1.0,0,12,610559.4811782918,-4.716802982238658
9,spotify:track:5xVCfx47vCXuLdpfbepqEo,HIEUTHUHAI,Người Im Lặng Gặp Người Hay Nói,M Music Records,2,11,16,640492,2026-06-25,False,2.0,Rap/Hip-hop,người im lặng gặp người hay nói - hieuthuhai,11,2.0,0,12,602228.9870341244,-5.974003260911231
10,spotify:track:5ze1OgIdC5fJLJfpvT9Jog,"RPT MCK, Tage",Mắt Môi Tay Chân (feat. Tage),311synd.,10,-1,1,632121,2026-06-25,True,,Rap/Hip-hop,"mắt môi tay chân (feat. tage) - rpt mck, tage",201,0.0,1,12,635654.8307761463,0.5590434072189128
11,spotify:track:73RcFjiDtStfP3GCW44vJu,"Minh Huy, Pinny",Ngày Rời Chuyến Bay,12 trái lê,6,6,12,623688,2026-06-25,False,-5.0,Ballad,"ngày rời chuyến bay - minh huy, pinny",6,-5.0,0,12,591660.13173939,-5.135238815018091
12,spotify:track:1ap1uhhvWmyZDJZ0HBWpvo,RPT MCK,Nguyễn Văn Mười,311synd.,12,-1,1,614944,2026-06-25,True,,Rap/Hip-hop,nguyễn văn mười - rpt mck,201,0.0,1,12,619415.8526758807,0.7271967326912132
13,spotify:track:2KslE17cAJNHTsI2MI0jb2,Jung Kook,Standing Next to You,BIGHIT MUSIC,1,8,137,604951,2026-06-25,False,-5.0,Pop,standing next to you - jung kook,8,-5.0,0,12,582302.2555094402,-3.7438973554155286
14,spotify:track:6uA9tUGo5WUhFPUR93F4jO,GREY D,toidaidot,Umusic Vietnam Co. Ltd. Distributed Labels,14,15,3,595561,2026-06-25,False,1.0,R&B/Soul,toidaidot - grey d,15,1.0,0,12,559573.9739837421,-6.042542412323496
15,spotify:track:6Qwl74olNi1rl65FNxG5We,"marzuz, Changg",Và Thế Giới Đã Mất Đi Một Người Cô Đơn,Universal Music Indochina,7,12,31,594839,2026-06-25,False,-3.0,Ballad,"và thế giới đã mất đi một người cô đơn - marzuz, changg",12,-3.0,0,12,565787.9282946927,-4.883854573305944
16,spotify:track:6mKMGpkgP2cH5gmqILWe7b,Fishy,vết thương,LOOPS Music,15,17,58,590946,2026-06-25,False,1.0,Ballad,vết thương - fishy,17,1.0,0,12,564039.3209402409,-4.553153597749901
17,spotify:track:7uUuftbcr94tzGOCJSM25u,"Low G, JustaTee",In Love,M Music Records,2,13,35,558732,2026-06-25,False,-4.0,Rap/Hip-hop,"in love - low g, justatee",13,-4.0,0,12,526965.0899780956,-5.68553618226706
18,spotify:track:6CTdPSNvUYw7UjerVIkUia,"Dangrangto, DONAL",xương rồng (intro),Higher Dimension,18,-1,1,551367,2026-06-25,True,,Indie/Alternative,"xương rồng (intro) - dangrangto, donal",201,0.0,1,12,556527.1178643561,0.9358771679037998
19,spotify:track:2wZAvkgiOE5tyrnqhB69KA,Sơn Tùng M-TP,Âm Thầm Bên Em,Umusic Vietnam Co. Ltd. Distributed Labels,9,14,296,494186,2026-06-25,False,-5.0,Ballad,âm thầm bên em - sơn tùng m-tp,14,-5.0,0,12,488566.4919634728,-1.1371240861795358
20,spotify:track:0NyrI1tMvqcK3vU5z9DMdI,JustaTee,She Neva Knows,NGUYEN THANH TUAN,10,20,21,487217,2026-06-25,False,0.0,R&B/Soul,she neva knows - justatee,20,0.0,0,12,459190.42287720664,-5.7523807918839776
21,spotify:track:6gmXMeStkiDoAbNaUeHbqU,RPT MCK,Liệm,311synd.,21,-1,1,475941,2026-06-25,True,,Rap/Hip-hop,liệm - rpt mck,201,0.0,1,12,488684.1002189977,2.6774537640164824
22,spotify:track:2a5hng9yXtbjtTVVm9UviC,VCT,Mơ,Universal Music Indochina Distributed Labels,6,18,200,470547,2026-06-25,False,-4.0,Pop,mơ - vct,18,-4.0,0,12,460630.9287363515,-2.107349800051538
23,spotify:track:5cJXrld8l8ZW6dAIo4P0O6,RPT MCK,Anh Không Muốn Nó Dễ Dàng,311synd.,23,-1,1,465905,2026-06-25,True,,Rap/Hip-hop,anh không muốn nó dễ dàng - rpt mck,201,0.0,1,12,479117.4176229597,2.8358608778527183
24,spotify:track:7326q9PcJDcKuAFcrSkN0t,"Sơn Tùng M-TP, Tyga",Come My Way,M Music Records,2,7,4,464969,2026-06-25,False,-17.0,EDM/Dance,"come my way - sơn tùng m-tp, tyga",7,-17.0,0,12,406737.1515302183,-12.523813086416876
25,spotify:track:2fCwv2ppU5nTRTckomIGsd,CORTIS,REDRED,Republic Records – CORTIS,5,26,10,459647,2026-06-25,False,1.0,Pop,redred - cortis,26,1.0,0,12,438149.59190799657,-4.676938627251658
26,spotify:track:3SJBCyImil9sNCH8lcCnqO,"RPT MCK, Obito",Xa Xôi (feat. Obito),311synd.,26,-1,1,453628,2026-06-25,True,,Rap/Hip-hop,"xa xôi (feat. obito) - rpt mck, obito",201,0.0,1,12,467362.12340475194,3.0276180934051555
27,spotify:track:4oZqNyQWRIYB4hzrLNong1,RPT MCK,IDK,311synd.,27,-1,1,452002,2026-06-25,True,,Rap/Hip-hop,idk - rpt mck,201,0.0,1,12,465748.14583034866,3.0411692493282456
28,spotify:track:6cZ6NqFHytVdRMG2QB3n8q,"RPT MCK, marzuz",Baby (feat. marzuz),311synd.,28,-1,1,450024,2026-06-25,True,,Rap/Hip-hop,"baby (feat. marzuz) - rpt mck, marzuz",201,0.0,1,12,463805.2720204758,3.062341568555415
29,spotify:track:3T7XHOdRcyhKU3QCB6kZG3,"MIN, Dangrangto, antransax",chẳng phải tình đầu sao đau đến thế,WM Vietnam,2,22,35,433347,2026-06-25,False,-7.0,Indie/Alternative,"chẳng phải tình đầu sao đau đến thế - min, dangrangto, antransax",22,-7.0,0,12,406633.5456621556,-6.164448891499051
30,spotify:track:20jbSiX29FDX4oQxBXyUEi,Ariana Grande,hate that i made you love me,Republic Records,13,16,4,433319,2026-06-25,False,-14.0,R&B/Soul,hate that i made you love me - ariana grande,16,-14.0,0,12,407928.4658128918,-5.8595478589926175
31,spotify:track:6Zoi4ue74UdUeYmHXItXnf,"B Ray, V#",Vùng An Toàn,MIXUS,3,19,51,429800,2026-06-25,False,-12.0,Rap/Hip-hop,"vùng an toàn - b ray, v#",19,-12.0,0,12,407354.9720571576,-5.222202871764169
32,spotify:track:1k9KzeTfQTmUDVtVWdSYAM,RPT MCK,Wtf Bby I'm Lit,311synd.,32,-1,1,425536,2026-06-25,True,,Rap/Hip-hop,wtf bby i'm lit - rpt mck,201,0.0,1,12,440545.7540561454,3.5272583415140857
33,spotify:track:1K0HQ30Wc11okzlcnFA7Ub,HIEUTHUHAI,Không Thể Say,M Music Records,7,25,166,423404,2026-06-25,False,-8.0,Rap/Hip-hop,không thể say - hieuthuhai,25,-8.0,0,12,408672.14139816095,-3.4793857880036674
34,spotify:track:4BdB08vuS9r4HOoY7GkAxT,SOOBIN,Nếu Ngày Ấy,SS LABEL,17,24,79,416077,2026-06-25,False,-10.0,Ballad,nếu ngày ấy - soobin,24,-10.0,0,12,401824.3433189596,-3.42548535031747
35,spotify:track:5cn5oHiXJTLiuthgbgfkMh,VCT,Vết Mưa,Universal Music Indochina Distributed Labels,19,21,120,404152,2026-06-25,False,-14.0,Ballad,vết mưa - vct,21,-14.0,0,12,393428.2763887791,-2.6533887278105497
36,spotify:track:6uvw8GFIqdqaJ4Nr3kN8Rs,BTS,Come Over,BIGHIT MUSIC,10,10,2,402536,2026-06-25,False,-26.0,Pop,come over - bts,10,-26.0,0,12,384821.1162064712,-4.40081975115984
37,spotify:track:5rSAUmbOg4giDrM29vUyHe,Sơn Tùng M-TP,Nơi Này Có Anh,Umusic Vietnam Co. Ltd. Distributed Labels,5,23,368,398579,2026-06-25,False,-14.0,Pop,nơi này có anh - sơn tùng m-tp,23,-14.0,0,12,403834.78717462515,1.3186312311047867
38,spotify:track:0eAuGrXyGFYwur9ARUe7LJ,Malcolm Todd,Earrings,Columbia,30,30,9,390256,2026-06-25,False,-8.0,R&B/Soul,earrings - malcolm todd,30,-8.0,0,12,368280.977052476,-5.630925071625798
39,spotify:track:3A7t1MTPFJTq014WEOwOWm,RPT MCK,Tây Thi,311synd.,39,-1,1,378502,2026-06-25,True,,Rap/Hip-hop,tây thi - rpt mck,201,0.0,1,12,395935.9548223661,4.606040343872985
40,spotify:track:6GM4ZOBDcDroldUxI8GZ2B,"VSTRA, Tyronee",Ai Ngoài Anh,CDSL,2,31,25,367215,2026-06-25,False,-9.0,R&B/Soul,"ai ngoài anh - vstra, tyronee",31,-9.0,0,12,346681.86037070287,-5.5915852101077395
41,spotify:track:0EGwksIbRx7VflNBzuIBvc,GREY D,hoá ra…,Umusic Vietnam Co. Ltd. Distributed Labels,5,34,13,363694,2026-06-25,False,-7.0,R&B/Soul,hoá ra… - grey d,34,-7.0,0,12,342667.10625351925,-5.781479415794804
42,spotify:track:3DLtPObflLQBodZN8qGODT,"JustaTee, BigDaddy",2AM,WM Vietnam,18,29,217,357163,2026-06-25,False,-13.0,R&B/Soul,"2am - justatee, bigdaddy",29,-13.0,0,12,350114.9922752814,-1.9733308670603054
43,spotify:track:11T61UpoNbbcewOMl1kcWN,NHONHO,Dạo Bước HongKong 1999,NHONHO,5,32,13,350376,2026-06-25,False,-11.0,Indie/Alternative,dạo bước hongkong 1999 - nhonho,32,-11.0,0,12,327534.7200818418,-6.5190766257272745
44,spotify:track:5KYv3kORBKUmVEoqbRRWxt,"Bảo Anh, Táo",Từng Là Của Nhau,Yin Yang Media,7,27,42,344575,2026-06-25,False,-17.0,Ballad,"từng là của nhau - bảo anh, táo",27,-17.0,0,12,332184.7457236788,-3.5958076692508776
45,spotify:track:4CUvVaAYuXtvYURLFz7EIL,"Emcee L (Da LAB), Da LAB, Muộii (Starry Night)",Chuyện Đôi Ta (feat. Muộii),Yin Yang Media,3,37,238,341947,2026-06-25,False,-8.0,Ballad,"chuyện đôi ta (feat. muộii) - emcee l (da lab), da lab, muộii (starry night)",37,-8.0,0,12,341765.9269695514,-0.05295353679037304
46,spotify:track:0fGJiHH6xSUJU1MAVjxq5m,"Karik, GDucky",Bạn Đời,WM Vietnam,5,28,143,341441,2026-06-25,False,-18.0,Rap/Hip-hop,"bạn đời - karik, gducky",28,-18.0,0,12,330437.5130073893,-3.222661306817481
47,spotify:track:46KcOYalDgmgZJWRNjiMQ8,RPT MCK,Một Cái Ôm,311synd.,47,-1,1,336602,2026-06-25,True,,Ballad,một cái ôm - rpt mck,201,0.0,1,12,361148.6004551774,7.292470174026722
48,spotify:track:3J3nv18iIrOhca1ZWNeuyW,JustaTee,Đã Lỡ Yêu Em Nhiều,NGUYEN THANH TUAN,24,39,177,334666,2026-06-25,False,-9.0,Ballad,đã lỡ yêu em nhiều - justatee,39,-9.0,0,12,331824.808022259,-0.8489634374991849
49,spotify:track:27Z9T0mSWHYWSj9SNOGvyt,"JustaTee, Phương Ly",Thằng Điên,NGUYEN THANH TUAN,2,41,203,333544,2026-06-25,False,-8.0,R&B/Soul,"thằng điên - justatee, phương ly",41,-8.0,0,12,326239.3615955303,-2.1900074366409545
50,spotify:track:6Hs2xIgB8nzyGFDvVA8lFa,"Madihu, Low G",Có Em,NGUYEN CHI PHONG,4,35,218,330611,2026-06-25,False,-15.0,Rap/Hip-hop,"có em - madihu, low g",35,-15.0,0,12,324854.6511430884,-1.7411244202133587
51,spotify:track:0ZRat7fxorLEemc5WI89iX,RPT MCK,Đao Của Anh Vừa,311synd.,51,-1,1,330335,2026-06-25,True,,Rap/Hip-hop,đao của anh vừa - rpt mck,201,0.0,1,12,349794.0147608332,5.890691195553961
52,spotify:track:2JBPFxhktonEWpIYS8csms,RPT MCK,Yêu Anh Giết Anh,311synd.,52,-1,1,327666,2026-06-25,True,,Ballad,yêu anh giết anh - rpt mck,201,0.0,1,12,352325.61495308013,7.52583879715324
53,spotify:track:7tI8dRuH2Yc6RuoTjxo4dU,Jimin,Who,BIGHIT MUSIC,1,40,69,327343,2026-06-25,False,-13.0,R&B/Soul,who - jimin,40,-13.0,0,12,311917.4749675476,-4.712343026260657
54,spotify:track:4gaxEUZE4z9pJAVTSFwgQI,"14 Casper, Bon Nghiêm, buitruonglinh",một đời,DANDERLÉON,14,43,117,323271,2026-06-25,False,-11.0,Indie/Alternative,"một đời - 14 casper, bon nghiêm, buitruonglinh",43,-11.0,0,12,308840.3734248303,-4.463940958257832
55,spotify:track:5tdz7T4hTxA1ipJMBe24uX,AMEE,"ex's hate me, Pt.2",Yin Yang Media,13,46,192,321190,2026-06-25,False,-9.0,Pop,"ex's hate me, pt.2 - amee",46,-9.0,0,12,320039.3518929607,-0.35824530870801596
56,spotify:track:41DlPJXKTCypXdf2eSqa03,"Vũ., Binz",bình yên,WM Vietnam,4,45,95,313100,2026-06-25,False,-11.0,Rap/Hip-hop,"bình yên - vũ., binz",45,-11.0,0,12,300425.620336237,-4.048029276193863
57,spotify:track:6nInHlewtrNKguNKlXt0Ur,"Shartnuss, Phankeo, Tr.D",Nắng có mang em về,MaiDao Music,4,48,124,312047,2026-06-25,False,-9.0,Indie/Alternative,"nắng có mang em về - shartnuss, phankeo, tr.d",48,-9.0,0,12,298288.56766917254,-4.4090897623843395
58,spotify:track:3x7Hh3zsE1wcXCU2G8l5tP,SOOBIN,DANCING IN THE DARK,SS LABEL,3,36,67,312017,2026-06-25,False,-22.0,EDM/Dance,dancing in the dark - soobin,36,-22.0,0,12,267037.2040269427,-14.41581579627305
59,spotify:track:6n2xOcqQrNOY0IfgATSwWs,"Puppy, Dangrangto",Wrong Times,MaiDao Music,3,57,138,309995,2026-06-25,False,-2.0,Indie/Alternative,"wrong times - puppy, dangrangto",57,-2.0,0,12,296995.55772094807,-4.193436113179868
60,spotify:track:2o4dDfLK6NVI7TjBm5VoMv,"Lou Hoàng, Miu Lê",Yêu Một Người Có Lẽ,Onlyc Entertainment,17,44,227,309512,2026-06-25,False,-16.0,Pop,"yêu một người có lẽ - lou hoàng, miu lê",44,-16.0,0,12,311530.9046348914,0.6522863846608297
61,spotify:track:2ZhPTxaMGhbLeN443dHYxy,RPT MCK,Là Gì Của Nhau,311synd.,61,-1,1,309139,2026-06-25,True,,Rap/Hip-hop,là gì của nhau - rpt mck,201,0.0,1,12,329042.21680578403,6.438274305663158
62,spotify:track:31VNCmwspR7nVJ6kruUuJt,Sơn Tùng M-TP,Đừng Làm Trái Tim Anh Đau,Umusic Vietnam Co. Ltd. Distributed Labels,1,33,107,307460,2026-06-25,False,-29.0,Pop,đừng làm trái tim anh đau - sơn tùng m-tp,33,-29.0,0,12,301659.6395825754,-1.8865414744762197
63,spotify:track:6VXVYATpQXEIoZ97NnWCmn,"Madihu, Vũ.",Vì Anh Đâu Có Biết,WM Vietnam,2,49,203,306827,2026-06-25,False,-14.0,Ballad,"vì anh đâu có biết - madihu, vũ.",49,-14.0,0,12,306339.7792562778,-0.15879330819068208
64,spotify:track:0pavLg3wbL6PVXAgXoWv4S,"24k.Right, Ngắn, Hipz",Một Nửa Sự Thật,Universal Music Indochina,50,50,12,306455,2026-06-25,False,-14.0,R&B/Soul,"một nửa sự thật - 24k.right, ngắn, hipz",50,-14.0,0,12,290348.6164814875,-5.255709163992258
65,spotify:track:5QjIMYxulJvh8sOr0zQgTP,RPT MCK,Dưa Chua,311synd.,65,-1,1,306280,2026-06-25,True,,Rap/Hip-hop,dưa chua - rpt mck,201,0.0,1,12,325992.06440103037,6.435961995896032
66,spotify:track:1ordU9Ts6JNRalwVoXgJd6,"GREY D, MIN",đôi mắt kẻ tình si,Umusic Vietnam Co. Ltd. Distributed Labels,12,54,13,303806,2026-06-25,False,-12.0,R&B/Soul,"đôi mắt kẻ tình si - grey d, min",54,-12.0,0,12,286401.69902290055,-5.728754855763038
67,spotify:track:4MCP9l0QB9YN2LCkIy8mz4,Obito,Dạo Này,12 trái lê,8,68,26,303069,2026-06-25,False,1.0,Rap/Hip-hop,dạo này - obito,68,1.0,0,12,286228.2523527916,-5.556737128247493
68,spotify:track:1J3SmWwlYAG68LGKr86MVH,Sơn Tùng M-TP,Chúng Ta Của Hiện Tại,Umusic Vietnam Co. Ltd. Distributed Labels,1,38,288,293875,2026-06-25,False,-30.0,Pop,chúng ta của hiện tại - sơn tùng m-tp,38,-30.0,0,12,300307.1335591277,2.188731113271863
69,spotify:track:0DJ0BWAlfW9h8xC5XxXEwr,RPT MCK,Night In Prague,311synd.,69,-1,1,293396,2026-06-25,True,,Rap/Hip-hop,night in prague - rpt mck,201,0.0,1,12,313574.90983553155,6.877704479792346
70,spotify:track:1xoadYaxtOp9gHDwgmPDuz,"JSOL, Hoàng Duyên",Sài Gòn Hôm Nay Mưa,Universal Music Indochina,3,61,265,292079,2026-06-25,False,-9.0,Ballad,"sài gòn hôm nay mưa - jsol, hoàng duyên",61,-9.0,0,12,296214.6233026044,1.4159262742629293
71,spotify:track:3Ids3RXurYBgySph53qWnB,buitruonglinh,Từng Ngày Yêu Em,LOOPS Music,9,53,77,288788,2026-06-25,False,-18.0,Indie/Alternative,từng ngày yêu em - buitruonglinh,53,-18.0,0,12,273593.7193900161,-5.261396114098886
72,spotify:track:0t8g66pWghsU8MphjUQIdg,"Phùng Khánh Linh, 30 Pictures",Cảm Ơn Người Đã Thức Cùng Tôi,+84 Vietnam New Wave,5,47,18,288543,2026-06-25,False,-25.0,Ballad,"cảm ơn người đã thức cùng tôi - phùng khánh linh, 30 pictures",47,-25.0,0,12,277650.6557598884,-3.774946624978457
73,spotify:track:3P3rcI48wwVEgxF5vPM6pG,Sơn Tùng M-TP,Buông Đôi Tay Nhau Ra,Umusic Vietnam Co. Ltd. Distributed Labels,7,42,154,287957,2026-06-25,False,-31.0,Ballad,buông đôi tay nhau ra - sơn tùng m-tp,42,-31.0,0,12,285925.08160214475,-0.7056325763413448
74,spotify:track:04vZ4wvtdjMs35KgDIjNsG,RPT MCK,Hút và Hút,311synd.,74,-1,1,287262,2026-06-25,True,,Rap/Hip-hop,hút và hút - rpt mck,201,0.0,1,12,307370.01311691635,6.999886207335586
75,spotify:track:4UC3NBjtqbYcqPqRq1s57D,Lyly,24h,WM Vietnam,40,81,58,286221,2026-06-25,False,6.0,Ballad,24h - lyly,81,6.0,0,12,278497.40660836804,-2.698471947073053
76,spotify:track:1o6cYDMHvKOfizi4d9Lqxr,W/N,id 072019,Universal Music Indochina Distributed Labels,3,62,152,284289,2026-06-25,False,-14.0,Pop,id 072019 - w/n,62,-14.0,0,12,282185.34605107,-0.7399702235858495
77,spotify:track:43a24qyExksHYk0gxfZqGY,RPT MCK,Ai Mới Là Kẻ Xấu Xa,311synd.,77,-1,1,282182,2026-06-25,True,,Rap/Hip-hop,ai mới là kẻ xấu xa - rpt mck,201,0.0,1,12,302339.33880403364,7.1433822157450315
78,spotify:track:4nyoalDFgUaZOzIKqj3aS5,"Đặng Vĩnh Thịnh, BMZ, Nguyễn Trung Đức",Ngàn Năm Ánh Sáng,BMZ JSC,5,52,46,280932,2026-06-25,False,-26.0,Ballad,"ngàn năm ánh sáng - đặng vĩnh thịnh, bmz, nguyễn trung đức",52,-26.0,0,12,272173.4673238304,-3.11766999707032
79,spotify:track:58ZlEBxBrzISXtmcOPo476,SOOBIN,giá như,SS LABEL,13,51,115,279004,2026-06-25,False,-28.0,Ballad,giá như - soobin,51,-28.0,0,12,275071.76893411396,-1.409381609541812
80,spotify:track:6UO9nrihAk6sFGvVHDVTz8,"马也_Crabbit, Cole先生",海屿你,网易飓风,56,56,4,278753,2026-06-25,False,-24.0,Pop,"海屿你 - 马也_crabbit, cole先生",56,-24.0,0,12,269752.0297783979,-3.2290128614228815
81,spotify:track:0e6fZkLArSmDIHnZcIua7t,"Vũ., Low G",Không Yêu Em Thì Yêu Ai?,WM Vietnam,19,59,91,278544,2026-06-25,False,-22.0,Indie/Alternative,"không yêu em thì yêu ai? - vũ., low g",59,-22.0,0,12,265106.9010088538,-4.824048980105906
82,spotify:track:4qJSUFwZFouto5VZUlln75,"tlinh, Trung Trần",Thích Quá Rùi Nà,Universal Music Indochina Distributed Labels,34,64,301,276034,2026-06-25,False,-18.0,R&B/Soul,"thích quá rùi nà - tlinh, trung trần",64,-18.0,0,12,279254.51924067596,1.166711072069368
83,spotify:track:25h0TqC9H3BcMA7KjK5nHK,"GREY D, tlinh",vaicaunoicokhiennguoithaydoi,Umusic Vietnam Co. Ltd. Distributed Labels,2,66,210,270890,2026-06-25,False,-17.0,R&B/Soul,"vaicaunoicokhiennguoithaydoi - grey d, tlinh",66,-17.0,0,12,267417.80771505495,-1.281772042137048
84,spotify:track:39KWnPNEvbXt423CzjvBfA,SOOBIN,Anh Đã Quen Với Cô Đơn,WM Vietnam,40,58,84,269487,2026-06-25,False,-26.0,Ballad,anh đã quen với cô đơn - soobin,58,-26.0,0,12,265041.93538470654,-1.6494541908490816
85,spotify:track:2ZBi1KpCR0grEWRNgySqwg,Hngle,Buông,Sony Music Entertainment,17,99,19,263255,2026-06-25,False,14.0,Ballad,buông - hngle,99,14.0,0,12,253225.8627189946,-3.809666399880491
86,spotify:track:5BTzf3doGTigDIYUFtbkI9,"Emcee L (Da LAB), Da LAB, Badbies",Sinh Ra Đã Là Thứ Đối Lập Nhau (feat. Badbies),Yin Yang Media,5,65,287,262297,2026-06-25,False,-21.0,Ballad,"sinh ra đã là thứ đối lập nhau (feat. badbies) - emcee l (da lab), da lab, badbies",65,-21.0,0,12,269707.08923726156,2.8250758633387205
87,spotify:track:5ouxRyInSdRBQubu3KTd97,"tlinh, 2Pillz",nếu lúc đó,M Music Records,1,71,173,260018,2026-06-25,False,-16.0,R&B/Soul,"nếu lúc đó - tlinh, 2pillz",71,-16.0,0,12,254739.0137721842,-2.0302387633993786
88,spotify:track:1MiJk3dXC5jzhvLFP0dUM7,Da LAB,Thức Giấc,Yin Yang Media,1,67,259,260000,2026-06-25,False,-21.0,Pop,thức giấc - da lab,67,-21.0,0,12,266041.2440270291,2.323555395011186
89,spotify:track:4CVxKSRLUxqUuj2z9vn4fS,SOOBIN,Xin Đừng Lặng Im,"HONG AN ENTERTAIMENT,.JSC",37,63,57,259764,2026-06-25,False,-26.0,Ballad,xin đừng lặng im - soobin,63,-26.0,0,12,253992.4687833346,-2.2218364425653303
90,spotify:track:7Ldcvhcl4Xj4eOTSWpZus5,CORTIS,ACAI,Republic Records – CORTIS,25,103,8,259356,2026-06-25,False,13.0,Pop,acai - cortis,103,13.0,0,12,249534.69381891104,-3.7868050791533507
91,spotify:track:2pm7K14nHj2fLrpU8j9bit,PC,10 Ngàn Năm,12 trái lê,27,74,211,258519,2026-06-25,False,-17.0,Rap/Hip-hop,10 ngàn năm - pc,74,-17.0,0,12,256827.51697873205,-0.6542973712833299
92,spotify:track:3VkV6L37ub0rtuYQoawAqz,Lil Zpoet,Tình Mình Lạ Kì,LiL Z Poet,45,60,21,253821,2026-06-25,False,-32.0,Ballad,tình mình lạ kì - lil zpoet,60,-32.0,0,12,246519.97924385953,-2.8764447213352984
93,spotify:track:45R1FSVRRkLmLGVVkW7Vw7,RPT MCK,Thịt Lợn,311synd.,93,-1,1,251869,2026-06-25,True,,Rap/Hip-hop,thịt lợn - rpt mck,201,0.0,1,12,272500.7341936587,8.191454364633476
94,spotify:track:3dbfL7nHOZlM4adzLHNnB3,"Juky San, buitruonglinh",Người Đầu Tiên,DAO Entertainment,2,70,34,251555,2026-06-25,False,-24.0,Ballad,"người đầu tiên - juky san, buitruonglinh",70,-24.0,0,12,243357.6070644272,-3.258688134035421
95,spotify:track:3TIMu3O0HyQVWBvtcwmcVt,"RPT MCK, Tùng Dương",Slippery (feat. Tùng Dương),311synd.,95,-1,1,249470,2026-06-25,True,,Rap/Hip-hop,"slippery (feat. tùng dương) - rpt mck, tùng dương",201,0.0,1,12,270069.7917972826,8.257422454516608
96,spotify:track:7mblTCdc14ylJ1JW71MODb,buitruonglinh,Giờ Thì,LOOPS Music,11,79,80,244210,2026-06-25,False,-17.0,Indie/Alternative,giờ thì - buitruonglinh,79,-17.0,0,12,231489.1384373129,-5.208984710981159
97,spotify:track:6jcLKVmEKAQIXIVHJZ8vzS,"MONSTAR, GREY D, NICKY, VƯƠNG BÌNH",tình yêu chậm trễ,Yin Yang Media,46,83,184,244134,2026-06-25,False,-14.0,R&B/Soul,"tình yêu chậm trễ - monstar, grey d, nicky, vương bình",83,-14.0,0,12,241963.70399919158,-0.8889773652209112
98,spotify:track:01qFKNWq73UfEslI0GvumE,"Jung Kook, Jack Harlow",3D (feat. Jack Harlow),BIGHIT MUSIC,2,69,142,243026,2026-06-25,False,-29.0,Pop,"3d (feat. jack harlow) - jung kook, jack harlow",69,-29.0,0,12,242713.94166090744,-0.12840533074344324
99,spotify:track:6QFCMUUq1T2Vf5sFUXcuQ7,"Justin Bieber, Nicki Minaj",Beauty And A Beat,RBMG/Def Jam,9,77,11,242948,2026-06-25,False,-22.0,EDM/Dance,"beauty and a beat - justin bieber, nicki minaj",77,-22.0,0,12,198037.07142132745,-18.485819425832915
100,spotify:track:2fbSXTHYgjzxBCYVw4fGXC,RPT MCK,Không Cần Lo Cho Tao,311synd.,100,-1,1,242387,2026-06-25,True,,Rap/Hip-hop,không cần lo cho tao - rpt mck,201,0.0,1,12,262978.18335292704,8.495168203297634
101,spotify:track:24NU99R1NGEVlVIOPO0Ahg,"Ngô Lan Hương, DJ Kim Chol","Có Công Mài ""Sắc"" (Afrobeats ) [DJ Kim Chol Remix]",Ngô Lan Hương - Exclusively Licensed to VIEENT,91,91,2,241119,2026-06-25,False,-10.0,EDM/Dance,"có công mài ""sắc"" (afrobeats ) [dj kim chol remix] - ngô lan hương, dj kim chol",91,-10.0,0,12,198496.82098204442,-17.676823069917997
102,spotify:track:55K3e7BGewGDUJ4ZQwkh7M,Only C,Người Đáng Thương Là Anh,OnlyC Production,102,135,23,240846,2026-06-25,False,33.0,Ballad,người đáng thương là anh - only c,135,33.0,0,12,234807.14134766962,-2.5073526869162794
103,spotify:track:6ag0c7tBr3PIqPb00C2rK4,"VCT, Negav, Jey B, Ngô Kiến Huy",NGƯỜI NHƯ ANH XỨNG ĐÁNG CÔ ĐƠN - KHÔNG ĐAU NỮA RỒI,VIE NETWORK CORPORATION / ADA,45,88,17,240787,2026-06-25,False,-15.0,Rap/Hip-hop,"người như anh xứng đáng cô đơn - không đau nữa rồi - vct, negav, jey b, ngô kiến huy",88,-15.0,0,12,228247.73299338145,-5.207617938932979
104,spotify:track:1UhQ0VwKq2PGnLiAZOJYV1,Binz,Em,SS LABEL,4,55,31,240241,2026-06-25,False,-49.0,R&B/Soul,em - binz,55,-49.0,0,12,227697.43465780705,-5.221242561508213
105,spotify:track:5u5AsK8JLgkr154QHZjJqh,"ANH TRAI ""SAY HI"", VCT, Karik, Negav, Ngô Kiến Huy, Jey B",NGƯỜI NHƯ ANH XỨNG ĐÁNG CÔ ĐƠN,Universal Music Indochina Distributed Labels,3,76,39,238243,2026-06-25,False,-29.0,Rap/Hip-hop,"người như anh xứng đáng cô đơn - anh trai ""say hi"", vct, karik, negav, ngô kiến huy, jey b",76,-29.0,0,12,225970.79408317557,-5.151129693978178
106,spotify:track:66v7AvDs5gZfmkJgFMMtHL,"Công Dương, Nguyễn Lâm Thảo Tâm, 30 Pictures",A Little Dream Of Me,+84 Vietnam New Wave,22,72,16,237995,2026-06-25,False,-34.0,Khác,"a little dream of me - công dương, nguyễn lâm thảo tâm, 30 pictures",72,-34.0,0,12,229936.9208479374,-3.3858186735278446
107,spotify:track:2w7jOvl0kpplNxisgfnCdT,"Đức Trường, BMZ",Nếu Biết Đó Là Lần Cuối,BMZ,47,84,42,237656,2026-06-25,False,-23.0,Ballad,"nếu biết đó là lần cuối - đức trường, bmz",84,-23.0,0,12,232187.82570585358,-2.3008778630232007
108,spotify:track:5VGOYjxkEaf19LoRPIolD2,"The Wind, Dangrangto",Anh Muốn Nhìn Thấy Em,M Music Records,77,85,80,237139,2026-06-25,False,-23.0,Indie/Alternative,"anh muốn nhìn thấy em - the wind, dangrangto",85,-23.0,0,12,227180.92366658238,-4.199257116466551
109,spotify:track:4vfhartd7HDWGJbdVIycEu,Sơn Tùng M-TP,Muộn Rồi Mà Sao Còn,Umusic Vietnam Co. Ltd. Distributed Labels,1,82,270,235042,2026-06-25,False,-27.0,Pop,muộn rồi mà sao còn - sơn tùng m-tp,82,-27.0,0,12,242982.83099825797,3.3784732083023314
110,spotify:track:1DVYafsLmcQySKkJnY4RCs,"MAYDAYs, Minh Tốc & Lam",Phép Màu - Đàn Cá Gỗ Original Soundtrack,Universal Music Indochina Distributed Labels,2,75,69,232239,2026-06-25,False,-35.0,Khác,"phép màu - đàn cá gỗ original soundtrack - maydays, minh tốc & lam",75,-35.0,0,12,227081.38663378963,-2.2208213806511257
111,spotify:track:3aD3BRhj9F7fWK7T1Wrc9l,RPT MCK,Che Phủ,311synd.,111,-1,1,231164,2026-06-25,True,,Rap/Hip-hop,che phủ - rpt mck,201,0.0,1,12,251450.0994007797,8.775630894421147
112,spotify:track:5SzJs9cwYXdSm9G3xcXuA2,Phùng Khánh Linh,Hôm Nay Tôi Buồn,BLACK SWAN LABEL LLC.,13,89,165,230688,2026-06-25,False,-23.0,Ballad,hôm nay tôi buồn - phùng khánh linh,89,-23.0,0,12,232061.4275414702,0.5953615018857562
113,spotify:track:7diH1qnFziArYzynk3vkr6,CORTIS,TNT,Republic Records – CORTIS,27,143,8,229389,2026-06-25,False,30.0,Pop,tnt - cortis,143,30.0,0,12,220557.06202112662,-3.8502011774206166
114,spotify:track:36fgG6NiEuQXznNgf5y2Ck,"T.R.I, Dangrangto, DONAL",một bài hát không vui mấy - Extended Version,Umusic Vietnam Co. Ltd. Distributed Labels,26,78,77,228607,2026-06-25,False,-36.0,Ballad,"một bài hát không vui mấy - extended version - t.r.i, dangrangto, donal",78,-36.0,0,12,225285.24098532338,-1.4530434390358196
115,spotify:track:4TyQKEifYDWTfTSRwpxlYI,Quân A.P,Bông Hoa Đẹp Nhất,Great Entertainment,32,105,130,227649,2026-06-25,False,-10.0,Ballad,bông hoa đẹp nhất - quân a.p,105,-10.0,0,12,227316.60798921686,-0.14601074934795952
116,spotify:track:1J12HjUuXfJnaUdubTEzSR,HIEUTHUHAI,Nghe Như Tình Yêu,M Music Records,35,98,249,226182,2026-06-25,False,-18.0,R&B/Soul,nghe như tình yêu - hieuthuhai,98,-18.0,0,12,228469.79581325687,1.0114844741212274
117,spotify:track:5tmA5oQDF0ULqRI12LKCDw,JayKii,Chiều Hôm Ấy,The First Management,95,119,35,225597,2026-06-25,False,2.0,Ballad,chiều hôm ấy - jaykii,119,2.0,0,12,221396.53545850748,-1.8619328011864156
118,spotify:track:6OWWZtNQORY1McaZmOrwhc,CORTIS,GO!,Republic Records – CORTIS,82,139,31,224255,2026-06-25,False,21.0,Pop,go! - cortis,139,21.0,0,12,219371.05977721285,-2.1778512063441826
119,spotify:track:3J06iY9IRWKr1H0zIxrUby,"Orange, Hoàng Dũng",Khi Em Lớn,Universal Music Indochina,4,93,229,224023,2026-06-25,False,-26.0,R&B/Soul,"khi em lớn - orange, hoàng dũng",93,-26.0,0,12,224128.17726570804,0.04694931578813055
120,spotify:track:0SmQ0UWeiHKQtxUej4Rem6,SOOBIN,Tháng Năm,Spacespeakers,6,95,188,223728,2026-06-25,False,-25.0,Pop,tháng năm - soobin,95,-25.0,0,12,227043.47718876333,1.481923223183207
121,spotify:track:4QalnBNnw9uK1dj543nf76,Dương Domic,Không Thời Gian,DAO Entertainment,2,87,40,222299,2026-06-25,False,-34.0,R&B/Soul,không thời gian - dương domic,87,-34.0,0,12,210591.15708324345,-5.2667096643514135
122,spotify:track:2Pwou3Q2Cf59RxdX2V6MgV,Shiki,Có Đôi Điều,12 trái lê,10,108,78,221693,2026-06-25,False,-14.0,Rap/Hip-hop,có đôi điều - shiki,108,-14.0,0,12,212407.31109346615,-4.188535004052382
123,spotify:track:19U8QkwGDiQnYtnNIlspuo,Ronboogz,Nói Dối,MaiDao Music,3,90,138,219795,2026-06-25,False,-33.0,Indie/Alternative,nói dối - ronboogz,90,-33.0,0,12,211695.98200374912,-3.6848053851320026
124,spotify:track:27F22WcGDyl4Z2KylVJkXL,buitruonglinh,Đường Tôi Chở Em Về,Universal Music Indochina Distributed Labels,14,127,191,218825,2026-06-25,False,3.0,Indie/Alternative,đường tôi chở em về - buitruonglinh,127,3.0,0,12,213660.5310886145,-2.360090899753462
125,spotify:track:5r6Rae4kq7CikBuoTaj6RF,Tóc Tiên,người còn thương em không,Umusic Vietnam Co. Ltd. Distributed Labels,94,94,3,217446,2026-06-25,False,-31.0,Pop,người còn thương em không - tóc tiên,94,-31.0,0,12,212758.460008317,-2.155726015508681
126,spotify:track:1UQNU5O9VttUgO16pxUnjw,"Obito, Shiki, RPT MCK",Đánh Đổi,12 trái lê,7,120,142,214386,2026-06-25,False,-6.0,Rap/Hip-hop,"đánh đổi - obito, shiki, rpt mck",120,-6.0,0,12,209221.09882788407,-2.409159726901912
127,spotify:track:0s7RyyUlQfd8mnnboHe18n,"MANBO, HIEUTHUHAI, HURRYKNG",Hẹn Gặp Em Dưới Ánh Trăng,Gerdnang,20,106,119,214322,2026-06-25,False,-21.0,Rap/Hip-hop,"hẹn gặp em dưới ánh trăng - manbo, hieuthuhai, hurrykng",106,-21.0,0,12,208529.76056709298,-2.702587430551704
128,spotify:track:1ZjICQJECU0rO8Vf6AOVbv,GREY D,mới hôm qua,Umusic Vietnam Co. Ltd. Distributed Labels,34,149,13,211992,2026-06-25,False,21.0,R&B/Soul,mới hôm qua - grey d,149,21.0,0,12,198917.11674925638,-6.167630500558331
129,spotify:track:3WtsdBj3zUIYGPcMHksbYV,GREY D,yêu em như…,Umusic Vietnam Co. Ltd. Distributed Labels,13,172,13,211317,2026-06-25,False,43.0,R&B/Soul,yêu em như… - grey d,172,43.0,0,12,196931.327492456,-6.807626697115703
130,spotify:track:43zzuEWDotRcKlSFzrlJqs,Đạt G,Thêm Bao Nhiêu Lâu,12 trái lê,84,109,59,210827,2026-06-25,False,-21.0,Ballad,thêm bao nhiêu lâu - đạt g,109,-21.0,0,12,208904.55177719716,-0.911860541013644
131,spotify:track:3COYA2vgfcUhDyRlVpZy5p,"tlinh, Low G",PHÓNG ZÌN ZÌN,M Music Records,4,138,92,209704,2026-06-25,False,7.0,Rap/Hip-hop,"phóng zìn zìn - tlinh, low g",138,7.0,0,12,201105.54919476173,-4.10027982548653
132,spotify:track:6ns1vEKfjtzBuz7vflsBOf,"Dangrangto, DONAL",baby anh đợi có lâu?,Higher Dimension,132,-1,1,209422,2026-06-25,True,,Indie/Alternative,"baby anh đợi có lâu? - dangrangto, donal",201,0.0,1,12,226229.97709244268,8.025888919236127
133,spotify:track:5C3fx9rdM4Bxf1MSOQC4Ym,"Low G, Thắng",An Thần,M Music Records,2,117,244,209248,2026-06-25,False,-16.0,Rap/Hip-hop,"an thần - low g, thắng",117,-16.0,0,12,210752.74369590834,0.7191197506826075
134,spotify:track:6JxPl1KdegUGyoguXhJfko,RPT MCK,Oanh M = Thuoc,311synd.,134,-1,1,208024,2026-06-25,True,,Rap/Hip-hop,oanh m = thuoc - rpt mck,201,0.0,1,12,227650.7814546318,9.434863984267103
135,spotify:track:6E3P4uOfKHYXJLK6Q3s0Tj,"JustaTee, Binz",Cơn Mưa Cuối,NGUYEN THANH TUAN,86,113,34,207743,2026-06-25,False,-22.0,Rap/Hip-hop,"cơn mưa cuối - justatee, binz",113,-22.0,0,12,199277.76531796373,-4.074859168316753
136,spotify:track:0Gi23nmOQ0eaPASq2VoMOW,RIO,vạn vật như muốn ta bên nhau,DAO Entertainment,6,104,63,207117,2026-06-25,False,-32.0,Indie/Alternative,vạn vật như muốn ta bên nhau - rio,104,-32.0,0,12,194819.82350853592,-5.93730910136014
137,spotify:track:54PbBpquVfhfrwRwvjSXbI,"Charlie Puth, Selena Gomez",We Don't Talk Anymore (feat. Selena Gomez),Artist Partner,71,118,291,206462,2026-06-25,False,-19.0,R&B/Soul,"we don't talk anymore (feat. selena gomez) - charlie puth, selena gomez",118,-19.0,0,12,213505.9683960976,3.4117505381608217
138,spotify:track:51bYFYWODfYOZU0rwvjiCc,"Binz, Đen",Cho Mình Em,Spacespeakers,32,125,135,206115,2026-06-25,False,-13.0,Rap/Hip-hop,"cho mình em - binz, đen",125,-13.0,0,12,201828.0229651819,-2.079895706192218
139,spotify:track:0rn7nzh03uvdY4Z9cSRZiZ,RPT MCK,Intenpol,311synd.,139,-1,1,204187,2026-06-25,True,,Rap/Hip-hop,intenpol - rpt mck,201,0.0,1,12,223592.11954531656,9.503601867560892
140,spotify:track:1izPmgSW7FV6XFdEOiTvOY,"Changg, Minh Huy",Em Không Hiểu,Universal Music Indochina Distributed Labels,27,96,246,203275,2026-06-25,False,-44.0,R&B/Soul,"em không hiểu - changg, minh huy",96,-44.0,0,12,206542.85638547776,1.6076036824389424
141,spotify:track:4ecdsGz3Hg6TKPwQ0ZOdJz,CORTIS,FaSHioN,Republic Records – CORTIS,90,180,29,202741,2026-06-25,False,39.0,Pop,fashion - cortis,180,39.0,0,12,198366.27693829857,-2.157789032164894
142,spotify:track:0JKEP4dB1riE6l7Kq5kJm1,Chillies,Em Đừng Khóc,WM Vietnam,3,114,72,202576,2026-06-25,False,-28.0,Indie/Alternative,em đừng khóc - chillies,114,-28.0,0,12,190770.82770651067,-5.827527591367849
143,spotify:track:6D94p9ASguBcYlDC0o56vx,HIEUTHUHAI,NOLOVENOLIFE,M Music Records,24,131,141,201969,2026-06-25,False,-12.0,Rap/Hip-hop,nolovenolife - hieuthuhai,131,-12.0,0,12,197870.40911956358,-2.029316816163082
144,spotify:track:6lRlM6bClcoOBLQi0zfA34,"HIEUTHUHAI, Hoàng Tôn",Chờ Tới Khi Anh Về,M Music Records,23,137,9,201726,2026-06-25,False,-7.0,R&B/Soul,"chờ tới khi anh về - hieuthuhai, hoàng tôn",137,-7.0,0,12,188895.83898277016,-6.360192051212951
145,spotify:track:3lkfGCYBitMEXzwk6Alx9J,RPT MCK,Elegie,311synd.,145,-1,1,201470,2026-06-25,True,,Rap/Hip-hop,elegie - rpt mck,201,0.0,1,12,220485.24444398264,9.438251076578466
146,spotify:track:4ruk62afWx9OKRBndFAxjw,RPT MCK,Cảm Ơn,311synd.,146,-1,1,199794,2026-06-25,True,,Ballad,cảm ơn - rpt mck,201,0.0,1,12,223944.66839140368,12.087784613854112
147,spotify:track:0rR27Ayle8G7sKoCt8OWUr,Dương Domic,Mất Kết Nối,DAO Entertainment,2,130,83,199710,2026-06-25,False,-17.0,R&B/Soul,mất kết nối - dương domic,130,-17.0,0,12,191076.69490961474,-4.322920780324098
148,spotify:track:1r9gNSD1WUFscqTSA2Rcet,MAYDAYs,Hẹn Lần Sau,Universal Music Indochina Distributed Labels,13,97,27,199297,2026-06-25,False,-51.0,Indie/Alternative,hẹn lần sau - maydays,97,-51.0,0,12,185623.18495886505,-6.861024019997767
149,spotify:track:2Wjghh0RpiBquLsJ932X6R,Ronboogz,nhắn nhủ,MaiDao Music,14,126,132,199078,2026-06-25,False,-23.0,Indie/Alternative,nhắn nhủ - ronboogz,126,-23.0,0,12,191406.95298662985,-3.8532871604949546
150,spotify:track:527UV7H9SbnmTVkxBVg56X,Sơn Tùng M-TP,Chắc Ai Đó Sẽ Về,Umusic Vietnam Co. Ltd. Distributed Labels,101,101,42,198945,2026-06-25,False,-49.0,Pop,chắc ai đó sẽ về - sơn tùng m-tp,101,-49.0,0,12,197954.8684193188,-0.4976911109508612
151,spotify:track:1hPbWyZnUPaeAWbOSKwkXJ,Quang Đăng Trần,Anh Đã Không Biết Cách Yêu Em,338ENT,9,107,47,198648,2026-06-25,False,-44.0,Ballad,anh đã không biết cách yêu em - quang đăng trần,107,-44.0,0,12,193917.58657686034,-2.3813043288327393
152,spotify:track:6KIhgRkprgyJNERRMu7Quh,MIN,Có Em Chờ,MIN,117,169,59,196986,2026-06-25,False,17.0,Pop,có em chờ - min,169,17.0,0,12,196140.29895582714,-0.4293203802162912
153,spotify:track:5Bti0azlFhMattVY76qFr9,Vũ.,Lạ Lùng,WM Vietnam,17,133,429,196676,2026-06-25,False,-20.0,Indie/Alternative,lạ lùng - vũ.,133,-20.0,0,12,207933.589609212,5.7239264624112804
154,spotify:track:4YvtUhbDWbX3ky3MsUJWeU,RPT MCK,Nhìn Kẻ Thù Của Tao,311synd.,154,-1,1,196582,2026-06-25,True,,Rap/Hip-hop,nhìn kẻ thù của tao - rpt mck,201,0.0,1,12,215065.76079391642,9.40257032379181
155,spotify:track:7CyPwkp0oE8Ro9Dd5CUDjW,"The Weeknd, JENNIE, Lily-Rose Depp","One Of The Girls (with JENNIE, Lily Rose Depp)",XO / Republic Records,11,132,157,195605,2026-06-25,False,-23.0,R&B/Soul,"one of the girls (with jennie, lily rose depp) - the weeknd, jennie, lily-rose depp",132,-23.0,0,12,192199.0590838911,-1.7412340768941996
156,spotify:track:3qQO2MjAVYnfu1GwBX4M8F,RPT MCK,Ghet Xog Lai Thik,311synd.,156,-1,1,194531,2026-06-25,True,,Rap/Hip-hop,ghet xog lai thik - rpt mck,201,0.0,1,12,212959.97717578866,9.47354261058066
157,spotify:track:7fCeYpR02Q8JVuD88hJZVT,"Da LAB, Minh Tốc & Lam",Bầu Trời Mới,Universal Music Indochina Distributed Labels,8,124,90,194414,2026-06-25,False,-33.0,Indie/Alternative,"bầu trời mới - da lab, minh tốc & lam",124,-33.0,0,12,184180.4806040818,-5.263776989269397
158,spotify:track:3LWVXp636uLT356Rj08Jaz,Jimin,Be Mine,BIGHIT MUSIC,7,-1,29,193937,2026-06-25,True,,R&B/Soul,be mine - jimin,201,0.0,1,12,208119.91106614168,7.313153790221401
159,spotify:track:7J9l9ebYB3IEs5ea5J1M7a,"Da LAB, Tóc Tiên",Nước Mắt Em Lau Bằng Tình Yêu Mới,MUNIZ MUSIC COMPANY LIMITED,107,116,122,193822,2026-06-25,False,-43.0,Pop,"nước mắt em lau bằng tình yêu mới - da lab, tóc tiên",116,-43.0,0,12,198073.31401613995,2.1934114889640752
160,spotify:track:6Q2oEdOhRjZ1DTv2a7j0lN,"PC, Dick, tofutns",Ghé Qua,12 trái lê,61,128,301,193700,2026-06-25,False,-32.0,Rap/Hip-hop,"ghé qua - pc, dick, tofutns",128,-32.0,0,12,201704.1469593469,4.132239008439284
161,spotify:track:3OLOtmRIxxLAVToh8M4P7N,"RPT MCK, RPT Orijinn, THANHDRAW",Huh (feat. RPT Orijinn & THANHDRAW),311synd.,161,-1,1,193147,2026-06-25,True,,Rap/Hip-hop,"huh (feat. rpt orijinn & thanhdraw) - rpt mck, rpt orijinn, thanhdraw",201,0.0,1,12,211193.31090740184,9.343303756932203
162,spotify:track:1LJyhnPdYGRLerwJd8CmL1,"Vũ., Dear Jane",Những Lời Hứa Bỏ Quên,WM Vietnam,1,134,132,193139,2026-06-25,False,-28.0,Indie/Alternative,"những lời hứa bỏ quên - vũ., dear jane",134,-28.0,0,12,185129.4277936061,-4.147050676659765
163,spotify:track:1zvL2X6HPrLfvtSY4DpopE,MIN,Em Mới Là Người Yêu Anh,MIN,1,145,162,192438,2026-06-25,False,-18.0,Pop,em mới là người yêu anh - min,145,-18.0,0,12,194605.4997932543,1.1263366867532942
164,spotify:track:4ZIwFLm8C7MUe7JR1G9CGa,"Dangrangto, DONAL, ZEXZEX",vùng vẫy,Higher Dimension,164,-1,1,191443,2026-06-25,True,,Indie/Alternative,"vùng vẫy - dangrangto, donal, zexzex",201,0.0,1,12,206400.60240030123,7.813083999049966
165,spotify:track:7HoAJ6Hc1P91eoOrn1WY5d,"Đức Trường, BMZ, Kun",Đáng Lý Ra Phải Là Anh,BMZ,90,144,28,191381,2026-06-25,False,-21.0,Ballad,"đáng lý ra phải là anh - đức trường, bmz, kun",144,-21.0,0,12,188022.91791812202,-1.7546580286851754
166,spotify:track:0oL2jCTf9P9a7flY5mCpYu,"Wxrdie, JustaTee",Trở Về,Universal Music Indochina Distributed Labels,54,110,69,191338,2026-06-25,False,-56.0,Rap/Hip-hop,"trở về - wxrdie, justatee",110,-56.0,0,12,184933.95133223673,-3.346982129928855
167,spotify:track:54UNNgtE3zzERwTuWSQLqd,"MONSTAR, GREY D, VƯƠNG BÌNH",có hẹn với thanh xuân,Yin Yang Media,5,111,180,190732,2026-06-25,False,-56.0,R&B/Soul,"có hẹn với thanh xuân - monstar, grey d, vương bình",111,-56.0,0,12,189350.95847626176,-0.7240743680862364
168,spotify:track:1i5SZL7Ngz0sYFaKmwieyw,"Quang Hùng MasterD, Low G, Hino",Chất Gây Hại,M Music Records,16,123,27,190622,2026-06-25,False,-45.0,Rap/Hip-hop,"chất gây hại - quang hùng masterd, low g, hino",123,-45.0,0,12,179845.66872221805,-5.653246360746373
169,spotify:track:5XfGQZA0ioQAWUjlyJRcHc,"Shiki, Obito",1000 Ánh Mắt,12 trái lê,8,142,104,188823,2026-06-25,False,-27.0,Rap/Hip-hop,"1000 ánh mắt - shiki, obito",142,-27.0,0,12,182281.75361815505,-3.464221192251445
170,spotify:track:5x5Vx0Musv3LSUKzjY73mA,"Sơn Tùng M-TP, Snoop Dogg",Hãy Trao Cho Anh,Umusic Vietnam Co. Ltd. Distributed Labels,1,80,153,188446,2026-06-25,False,-90.0,EDM/Dance,"hãy trao cho anh - sơn tùng m-tp, snoop dogg",80,-90.0,0,12,155508.03736479738,-17.478727399468614
171,spotify:track:7AD5F85waSb3yZxZxEXhJM,"Tóc Tiên, Touliver",Có Ai Thương Em Như Anh,Yin Yang Media,20,181,151,187672,2026-06-25,False,10.0,EDM/Dance,"có ai thương em như anh - tóc tiên, touliver",181,10.0,0,12,152906.79605490924,-18.524449009490368
172,spotify:track:2ppLwHSMgDGEQ5c8o6nAX2,Low G,Simp Gái 808,M Music Records,9,129,141,187219,2026-06-25,False,-43.0,Rap/Hip-hop,simp gái 808 - low g,129,-43.0,0,12,183475.00467904942,-1.9997945299091313
173,spotify:track:2G5ujw3rrWcAXQqT8PVnrz,"Obito, Shiki, Lăng LD",Đầu Đường Xó Chợ,12 trái lê,39,141,87,185595,2026-06-25,False,-32.0,Rap/Hip-hop,"đầu đường xó chợ - obito, shiki, lăng ld",141,-32.0,0,12,179365.41851000598,-3.356545968368769
174,spotify:track:2vKNzC9T3kdU2JECcvob3V,CORTIS,YOUNGCREATORCREW,Republic Records – CORTIS,58,-1,5,182792,2026-06-25,True,,Pop,youngcreatorcrew - cortis,201,0.0,1,12,201755.4537818149,10.37433464364682
175,spotify:track:7q1qYSyRkGT4ZaCc2ZQihP,"Hoàng Tôn, Koo",Em Còn Nhớ Anh Không - Remastered,Hoàng Tôn,69,112,63,182643,2026-06-25,False,-63.0,Ballad,"em còn nhớ anh không - remastered - hoàng tôn, koo",112,-63.0,0,12,182034.94887424167,-0.33291783739772535
176,spotify:track:6TGwaBlfUGVoeZMBLzvXGP,"Dangrangto, DONAL",thế giới của anh,Higher Dimension,50,122,21,181651,2026-06-25,False,-54.0,Indie/Alternative,"thế giới của anh - dangrangto, donal",122,-54.0,0,12,169444.21679062382,-6.719909722146414
177,spotify:track:2MaQyCgCkHDodQeO54XT8i,GREY D,1001 câu trả lời,Umusic Vietnam Co. Ltd. Distributed Labels,177,-1,1,179758,2026-06-25,True,,R&B/Soul,1001 câu trả lời - grey d,201,0.0,1,12,196982.01844467386,9.58178130857812
178,spotify:track:5PGh9MyKry8slG5AfvD1eD,"Obito, Shiki, VSTRA",Hà Nội,12 trái lê,10,152,142,179091,2026-06-25,False,-26.0,Rap/Hip-hop,"hà nội - obito, shiki, vstra",152,-26.0,0,12,175400.4820485088,-2.0606942568254136
179,spotify:track:2FXmXlTqGYhglWhS00u4ZS,"RPT MCK, THANHDRAW",Envy (feat. THANHDRAW),311synd.,179,-1,1,177976,2026-06-25,True,,Rap/Hip-hop,"envy (feat. thanhdraw) - rpt mck, thanhdraw",201,0.0,1,12,195313.44818011526,9.741452881352124
180,spotify:track:3b34161QoxLwsqhWSPy9i5,Da LAB,Thanh Xuân,Sony Music Entertainment,1,150,406,177788,2026-06-25,False,-30.0,Indie/Alternative,thanh xuân - da lab,150,-30.0,0,12,187718.30374076375,5.585474689384967
181,spotify:track:59c2xv2kMzYM6HR9oY6BIa,Malcolm Todd,Sweet Boy,Columbia,181,183,2,176930,2026-06-25,False,2.0,R&B/Soul,sweet boy - malcolm todd,183,2.0,0,12,169986.76240577846,-3.9242850812307375
182,spotify:track:3bmpXHVie1GTy37OkXJ7Vc,BTS,2.0,BIGHIT MUSIC,11,73,14,176677,2026-06-25,False,-109.0,Rap/Hip-hop,2.0 - bts,73,-109.0,0,12,166975.32743580642,-5.491191589280765
183,spotify:track:5oFEvbM7lGnx8jfAkuhVyo,"AMEE, RPT MCK",MỘNG YU,Yin Yang Media,3,168,81,175872,2026-06-25,False,-15.0,R&B/Soul,"mộng yu - amee, rpt mck",168,-15.0,0,12,167666.33099228895,-4.665705176327701
184,spotify:track:2dPJtlvoa3GDowCh035M8P,Vũ.,Nếu Những Tiếc Nuối,WM Vietnam,33,102,62,175576,2026-06-25,False,-82.0,Indie/Alternative,nếu những tiếc nuối - vũ.,102,-82.0,0,12,166189.791342597,-5.345951985124967
185,spotify:track:2GE2p2dFpxp7OIz2QOFBzW,"ANH TRAI ""SAY HI"", HURRYKNG, HIEUTHUHAI, Negav, Pháp Kiều, Isaac","KIM PHÚT, KIM GIỜ (feat. HURRYKNG, HIEUTHUHAI, Negav, Pháp Kiều & Isaac)",Anh Trai Say Hi,5,164,87,172349,2026-06-25,False,-21.0,Rap/Hip-hop,"kim phút, kim giờ (feat. hurrykng, hieuthuhai, negav, pháp kiều & isaac) - anh trai ""say hi"", hurrykng, hieuthuhai, negav, pháp kiều, isaac",164,-21.0,0,12,165107.23221945684,-4.201804350790059
186,spotify:track:317Lh6QCAz9JpWbV3oxrCf,"Phùng Khánh Linh, Thành Luke",EM ĐAU,BLACK SWAN LABEL LLC.,62,136,24,172293,2026-06-25,False,-50.0,Ballad,"em đau - phùng khánh linh, thành luke",136,-50.0,0,12,169004.15702925413,-1.9088662747446912
187,spotify:track:2pBZoglJzsRk4UeVey8n0k,Việt Anh,Ngày Này Năm Ấy,338ENT,17,151,46,172222,2026-06-25,False,-36.0,Ballad,ngày này năm ấy - việt anh,151,-36.0,0,12,168269.79262591086,-2.2948330492556908
188,spotify:track:6sUXtdG33WW3qANi8phOON,"Fishy, Trí Dũng",Forget Me Now,LOOPS Music,126,196,43,171873,2026-06-25,False,8.0,R&B/Soul,"forget me now - fishy, trí dũng",196,8.0,0,12,165451.0967802435,-3.7364235335139875
189,spotify:track:5BJqg07SKgmFnVLOBmLFvq,Bùi Anh Tuấn,"Hẹn Một Mai - From"" 4 Năm 2 Chàng 1 Tình Yêu""",1LABEL,109,115,62,171289,2026-06-25,False,-74.0,Ballad,"hẹn một mai - from"" 4 năm 2 chàng 1 tình yêu"" - bùi anh tuấn",115,-74.0,0,12,172748.78342341245,0.8522341909944279
190,spotify:track:0hB27T4dy9qBUcZabsrLOj,HIEUTHUHAI,Dạo Gần Đây Anh Thấy Anh Không Bằng Ai Hết,M Music Records,16,173,9,171102,2026-06-25,False,-17.0,Rap/Hip-hop,dạo gần đây anh thấy anh không bằng ai hết - hieuthuhai,173,-17.0,0,12,159171.54968205866,-6.972712369195769
191,spotify:track:0jHpGB1Xt2kIX0VaPFvStp,"Tùng TeA, PC, TaynguyenSound",Già Cùng Nhau Là Được,12 trái lê,70,166,151,170981,2026-06-25,False,-25.0,Rap/Hip-hop,"già cùng nhau là được - tùng tea, pc, taynguyensound",166,-25.0,0,12,170268.02651266364,-0.41698989205605486
192,spotify:track:0vbmSk6huZt5H6vhpfI6BX,Kiều Anh,Lá Ngọc Cành Vàng,Umusic Vietnam Co. Ltd. Distributed Labels,192,-1,1,170243,2026-06-25,True,,Khác,lá ngọc cành vàng - kiều anh,201,0.0,1,12,191704.2302177242,12.606233570674974
193,spotify:track:2kt7udEZmN2kj1Jsl118zY,Wxrdie,0 AI NGHĨ,M Music Records,92,178,35,170093,2026-06-25,False,-15.0,Rap/Hip-hop,0 ai nghĩ - wxrdie,178,-15.0,0,12,162608.1356564249,-4.400454071346314
194,spotify:track:5U30iZBlmxkpHqzb1OSnBS,Rhymastic,Yêu 5,WM Vietnam,77,160,229,169823,2026-06-25,False,-34.0,R&B/Soul,yêu 5 - rhymastic,160,-34.0,0,12,174348.46061986155,2.6648101964171818
195,spotify:track:4qYfRfSxsmhJ1WMaywtLyI,"Wren Evans, itsnk",Từng Quen,Universal Music Indochina,1,-1,125,169193,2026-06-25,True,,R&B/Soul,"từng quen - wren evans, itsnk",201,0.0,1,12,185967.22127958847,9.914252527934648
196,spotify:track:3gLRyMbg5nWLcuKD46Uz72,Phương Ly,Anh Là Ai,PHUONG LY,109,171,39,168825,2026-06-25,False,-25.0,Pop,anh là ai - phương ly,171,-25.0,0,12,168060.9322905847,-0.4525797182972351
197,spotify:track:2uxjHthUJd2A8PmWaUGGsI,"Hoàng Dũng, Hoàng Rob",Chờ Anh Nhé,Lirico Entertainment,99,155,54,168659,2026-06-25,False,-42.0,Indie/Alternative,"chờ anh nhé - hoàng dũng, hoàng rob",155,-42.0,0,12,160368.2982055156,-4.915659285590687
198,spotify:track:3ZbZtdEw9U0uZW4tZItIwq,"RHYDER, CoolKid, BAN",Chịu Cách Mình Nói Thua,RHYDER,6,156,126,168655,2026-06-25,False,-42.0,Rap/Hip-hop,"chịu cách mình nói thua - rhyder, coolkid, ban",156,-42.0,0,12,164318.99419434214,-2.5709322615148418
199,spotify:track:0AdC9Nk4qMUQjqjvkdReUf,"Dangrangto, DONAL",wrong times (interlude),Higher Dimension,199,-1,1,167832,2026-06-25,True,,Indie/Alternative,"wrong times (interlude) - dangrangto, donal",201,0.0,1,12,181024.78429874522,7.860708505377531
200,spotify:track:6qgATU8r0ZPcPFPtZ5qA7B,Long Cao,Em Của Anh Đừng Của Ai!,Long Cao,107,121,8,167804,2026-06-25,False,-79.0,Pop,em của anh đừng của ai! - long cao,121,-79.0,0,12,166270.941863832,-0.9136004720793272
