Tuần hiện tại,Tuần cần dự đoán,Bài hát,Nghệ sĩ,Lượt nghe hiện tại,Lượt nghe thực tế tuần sau,Random Forest dự đoán,Sai lệch tuyệt đối
2026-06-11,2026-06-18,3D (feat. Jack Harlow),"Jung Kook, Jack Harlow",261685,269549.0,267976.01,1572.9899999999907
2026-06-18,2026-06-25,3D (feat. Jack Harlow),"Jung Kook, Jack Harlow",269549,243026.0,281520.27,38494.27000000002
2026-06-11,2026-06-18,vạn vật như muốn ta bên nhau,RIO,235528,215182.0,234566.68,19384.679999999993
2026-06-18,2026-06-25,vạn vật như muốn ta bên nhau,RIO,215182,207117.0,249806.59,42689.59
2026-06-11,2026-06-18,toidaidot,GREY D,391626,529918.0,372513.0,157405.0
2026-06-11,2026-06-18,Em Đừng Khóc,Chillies,223286,204681.0,230633.46,25952.459999999992
2026-06-18,2026-06-25,Em Đừng Khóc,Chillies,204681,202576.0,237113.24,34537.23999999999
2026-06-11,2026-06-18,Trạng Thái Mộng Mơ,Đỗ Hoàng Long,169732,162607.0,179520.09,16913.089999999997
2026-06-11,2026-06-18,She Neva Knows,JustaTee,529316,463070.0,521847.75,58777.75
2026-06-18,2026-06-25,She Neva Knows,JustaTee,463070,487217.0,435385.7,51831.29999999999
2026-06-11,2026-06-18,Tháng Năm,SOOBIN,224778,226142.0,232545.55,6403.549999999988
2026-06-18,2026-06-25,Tháng Năm,SOOBIN,226142,223728.0,231085.74,7357.739999999991
2026-06-11,2026-06-18,Em (feat. SOOBIN),"Binz, SOOBIN",1360614,1130879.0,1214494.6,83615.6000000001
2026-06-18,2026-06-25,Em (feat. SOOBIN),"Binz, SOOBIN",1130879,894772.0,1037339.09,142567.08999999997
2026-06-11,2026-06-18,Không Yêu Em Thì Yêu Ai?,"Vũ., Low G",287183,285958.0,281270.0,4688.0
2026-06-18,2026-06-25,Không Yêu Em Thì Yêu Ai?,"Vũ., Low G",285958,278544.0,277075.28,1468.719999999972
2026-06-11,2026-06-18,Earrings,Malcolm Todd,344378,375100.0,328257.86,46842.140000000014
2026-06-18,2026-06-25,Earrings,Malcolm Todd,375100,390256.0,386823.49,3432.5100000000093
2026-06-11,2026-06-18,Bạn Đời,"Karik, GDucky",359273,377304.0,358584.28,18719.719999999972
2026-06-18,2026-06-25,Bạn Đời,"Karik, GDucky",377304,341441.0,384539.83,43098.830000000016
2026-06-11,2026-06-18,Dạo Gần Đây Anh Thấy Anh Không Bằng Ai Hết,HIEUTHUHAI,179019,166556.0,169449.45,2893.4500000000116
2026-06-18,2026-06-25,Dạo Gần Đây Anh Thấy Anh Không Bằng Ai Hết,HIEUTHUHAI,166556,171102.0,170295.44,806.5599999999977
2026-06-11,2026-06-18,Già Cùng Nhau Là Được,"Tùng TeA, PC, TaynguyenSound",171021,169328.0,189617.75,20289.75
2026-06-18,2026-06-25,Già Cùng Nhau Là Được,"Tùng TeA, PC, TaynguyenSound",169328,170981.0,182677.52,11696.51999999999
2026-06-11,2026-06-18,Trở Về,"Wxrdie, JustaTee",210328,207860.0,245541.32,37681.32000000001
2026-06-18,2026-06-25,Trở Về,"Wxrdie, JustaTee",207860,191338.0,245229.51,53891.51000000001
2026-06-11,2026-06-18,Một Nửa Sự Thật,"24k.Right, Ngắn, Hipz",274932,308997.0,275066.23,33930.77000000002
2026-06-18,2026-06-25,Một Nửa Sự Thật,"24k.Right, Ngắn, Hipz",308997,306455.0,323123.37,16668.369999999995
2026-06-11,2026-06-18,Mất Kết Nối,Dương Domic,194953,198087.0,195813.5,2273.5
2026-06-18,2026-06-25,Mất Kết Nối,Dương Domic,198087,199710.0,197056.05,2653.9500000000116
2026-06-11,2026-06-18,Hẹn Gặp Em Dưới Ánh Trăng,"MANBO, HIEUTHUHAI, HURRYKNG",222736,211104.0,222240.61,11136.609999999986
2026-06-18,2026-06-25,Hẹn Gặp Em Dưới Ánh Trăng,"MANBO, HIEUTHUHAI, HURRYKNG",211104,214322.0,245858.74,31536.73999999999
2026-06-11,2026-06-18,Hư không,Kha,157093,166021.0,176731.88,10710.880000000005
2026-06-11,2026-06-18,Cảm Ơn Người Đã Thức Cùng Tôi,"Phùng Khánh Linh, 30 Pictures",342326,315260.0,327416.64,12156.640000000014
2026-06-18,2026-06-25,Cảm Ơn Người Đã Thức Cùng Tôi,"Phùng Khánh Linh, 30 Pictures",315260,288543.0,308101.01,19558.01000000001
2026-06-11,2026-06-18,Nếu (feat. Obito),"Binz, Obito",330662,219137.0,304735.96,85598.96000000002
2026-06-11,2026-06-18,Dạo Bước HongKong 1999,NHONHO,410823,367187.0,419830.25,52643.25
2026-06-18,2026-06-25,Dạo Bước HongKong 1999,NHONHO,367187,350376.0,386130.23,35754.22999999998
2026-06-11,2026-06-18,Nói Dối,Ronboogz,230063,233768.0,230179.96,3588.040000000008
2026-06-18,2026-06-25,Nói Dối,Ronboogz,233768,219795.0,236326.39,16531.390000000014
2026-06-11,2026-06-18,Không Buông,"Hngle, Ari",834427,801770.0,794674.74,7095.260000000009
2026-06-18,2026-06-25,Không Buông,"Hngle, Ari",801770,845978.0,762793.05,83184.94999999995
2026-06-11,2026-06-18,Phép Màu - Đàn Cá Gỗ Original Soundtrack,"MAYDAYs, Minh Tốc & Lam",274633,257315.0,265176.93,7861.929999999993
2026-06-18,2026-06-25,Phép Màu - Đàn Cá Gỗ Original Soundtrack,"MAYDAYs, Minh Tốc & Lam",257315,232239.0,261103.0,28864.0
2026-06-11,2026-06-18,yêu em như…,GREY D,168826,166596.0,171785.11,5189.109999999986
2026-06-11,2026-06-18,Nghe Như Tình Yêu,HIEUTHUHAI,208618,220078.0,250858.41,30780.410000000003
2026-06-18,2026-06-25,Nghe Như Tình Yêu,HIEUTHUHAI,220078,226182.0,221242.75,4939.25
2026-06-11,2026-06-18,Chúng Ta Của Hiện Tại,Sơn Tùng M-TP,340975,339736.0,361195.27,21459.27000000002
2026-06-18,2026-06-25,Chúng Ta Của Hiện Tại,Sơn Tùng M-TP,339736,293875.0,358418.93,64543.92999999999
2026-06-11,2026-06-18,Không Thể Say,HIEUTHUHAI,396597,413995.0,391821.0,22174.0
2026-06-18,2026-06-25,Không Thể Say,HIEUTHUHAI,413995,423404.0,400285.82,23118.179999999993
2026-06-11,2026-06-18,Những Lời Hứa Bỏ Quên,"Vũ., Dear Jane",196629,193906.0,199606.75,5700.75
2026-06-18,2026-06-25,Những Lời Hứa Bỏ Quên,"Vũ., Dear Jane",193906,193139.0,194770.01,1631.0100000000093
2026-06-11,2026-06-18,Thức Giấc,Da LAB,319869,272683.0,309965.37,37282.369999999995
2026-06-18,2026-06-25,Thức Giấc,Da LAB,272683,260000.0,282099.96,22099.96000000002
2026-06-11,2026-06-18,Đánh Đổi,"Obito, Shiki, RPT MCK",206267,202310.0,200204.06,2105.9400000000023
2026-06-18,2026-06-25,Đánh Đổi,"Obito, Shiki, RPT MCK",202310,214386.0,197004.97,17381.03
2026-06-11,2026-06-18,Em,Binz,374532,294570.0,376982.12,82412.12
2026-06-18,2026-06-25,Em,Binz,294570,240241.0,293158.62,52917.619999999995
2026-06-11,2026-06-18,Anh Đã Không Biết Cách Yêu Em,Quang Đăng Trần,229279,210972.0,230300.35,19328.350000000006
2026-06-18,2026-06-25,Anh Đã Không Biết Cách Yêu Em,Quang Đăng Trần,210972,198648.0,247523.65,48875.649999999994
2026-06-11,2026-06-18,Chất Gây Hại,"Quang Hùng MasterD, Low G, Hino",199198,200833.0,193284.99,7548.010000000009
2026-06-18,2026-06-25,Chất Gây Hại,"Quang Hùng MasterD, Low G, Hino",200833,190622.0,195443.79,4821.790000000008
2026-06-11,2026-06-18,Em Không Hiểu,"Changg, Minh Huy",192230,223081.0,185624.46,37456.54000000001
2026-06-18,2026-06-25,Em Không Hiểu,"Changg, Minh Huy",223081,203275.0,225432.01,22157.01000000001
2026-06-11,2026-06-18,id 072019,W/N,248136,281558.0,238714.93,42843.07000000001
2026-06-18,2026-06-25,id 072019,W/N,281558,284289.0,276982.11,7306.890000000014
2026-06-11,2026-06-18,Hẹn Lần Sau,MAYDAYs,260381,221424.0,264073.21,42649.21000000002
2026-06-18,2026-06-25,Hẹn Lần Sau,MAYDAYs,221424,199297.0,211800.53,12503.529999999999
2026-06-11,2026-06-18,Sau Này Em Cưới Ai Rồi - Zeko Remix,"Kiều Chi, Zeko Remix",161001,164836.0,263165.47,98329.46999999997
2026-06-11,2026-06-18,Sài Gòn Hôm Nay Mưa,"JSOL, Hoàng Duyên",254549,282066.0,256281.4,25784.600000000006
2026-06-18,2026-06-25,Sài Gòn Hôm Nay Mưa,"JSOL, Hoàng Duyên",282066,292079.0,276340.9,15738.099999999977
2026-06-11,2026-06-18,Em Mới Là Người Yêu Anh,MIN,194897,181227.0,193475.52,12248.51999999999
2026-06-18,2026-06-25,Em Mới Là Người Yêu Anh,MIN,181227,192438.0,185623.55,6814.450000000012
2026-06-11,2026-06-18,Hooligan,BTS,175647,232601.0,173687.07,58913.92999999999
2026-06-11,2026-06-18,hate that i made you love me,Ariana Grande,540021,529378.0,536098.1,6720.099999999977
2026-06-18,2026-06-25,hate that i made you love me,Ariana Grande,529378,433319.0,453622.04,20303.03999999998
2026-06-18,2026-06-25,"Có Công Mài ""Sắc"" (Afrobeats ) [DJ Kim Chol Remix]","Ngô Lan Hương, DJ Kim Chol",233057,241119.0,229932.8,11186.200000000012
2026-06-11,2026-06-18,vaicaunoicokhiennguoithaydoi,"GREY D, tlinh",293534,275085.0,293814.58,18729.580000000016
2026-06-18,2026-06-25,vaicaunoicokhiennguoithaydoi,"GREY D, tlinh",275085,270890.0,280957.17,10067.169999999984
2026-06-11,2026-06-18,Đường Tôi Chở Em Về,buitruonglinh,206567,199550.0,205196.55,5646.549999999988
2026-06-18,2026-06-25,Đường Tôi Chở Em Về,buitruonglinh,199550,218825.0,189339.2,29485.79999999999
2026-06-11,2026-06-18,Thằng Điên,"JustaTee, Phương Ly",340293,329276.0,363651.28,34375.28000000003
2026-06-18,2026-06-25,Thằng Điên,"JustaTee, Phương Ly",329276,333544.0,370334.95,36790.95000000001
2026-06-11,2026-06-18,Đầu Đường Xó Chợ,"Obito, Shiki, Lăng LD",200993,185156.0,203482.89,18326.890000000014
2026-06-18,2026-06-25,Đầu Đường Xó Chợ,"Obito, Shiki, Lăng LD",185156,185595.0,186502.16,907.1600000000035
2026-06-11,2026-06-18,"KIM PHÚT, KIM GIỜ (feat. HURRYKNG, HIEUTHUHAI, Negav, Pháp Kiều & Isaac)","ANH TRAI ""SAY HI"", HURRYKNG, HIEUTHUHAI, Negav, Pháp Kiều, Isaac",165520,170617.0,173155.83,2538.829999999987
2026-06-18,2026-06-25,"KIM PHÚT, KIM GIỜ (feat. HURRYKNG, HIEUTHUHAI, Negav, Pháp Kiều & Isaac)","ANH TRAI ""SAY HI"", HURRYKNG, HIEUTHUHAI, Negav, Pháp Kiều, Isaac",170617,172349.0,175096.93,2747.929999999993
2026-06-11,2026-06-18,Seven (feat. Latto) (Explicit Ver.),"Jung Kook, Latto",1975313,1982414.0,1882256.39,100157.6100000001
2026-06-18,2026-06-25,Seven (feat. Latto) (Explicit Ver.),"Jung Kook, Latto",1982414,1891737.0,1885888.95,5848.050000000047
2026-06-11,2026-06-18,Standing Next to You,Jung Kook,641818,657537.0,656836.52,700.4799999999814
2026-06-18,2026-06-25,Standing Next to You,Jung Kook,657537,604951.0,675442.35,70491.34999999998
2026-06-11,2026-06-18,Có Đôi Điều,Shiki,224860,210660.0,224760.91,14100.910000000003
2026-06-18,2026-06-25,Có Đôi Điều,Shiki,210660,221693.0,245075.7,23382.70000000001
2026-06-11,2026-06-18,nhắn nhủ,Ronboogz,203544,199552.0,198956.36,595.640000000014
2026-06-18,2026-06-25,nhắn nhủ,Ronboogz,199552,199078.0,199749.38,671.3800000000047
2026-06-11,2026-06-18,Buông,Hngle,237541,219208.0,231593.97,12385.970000000001
2026-06-18,2026-06-25,Buông,Hngle,219208,263255.0,210615.38,52639.619999999995
2026-06-11,2026-06-18,Mơ,VCT,458754,492914.0,446870.99,46043.01000000001
2026-06-18,2026-06-25,Mơ,VCT,492914,470547.0,485880.58,15333.580000000016
2026-06-11,2026-06-18,Nếu Những Tiếc Nuối,Vũ.,208310,215332.0,236600.16,21268.160000000003
2026-06-18,2026-06-25,Nếu Những Tiếc Nuối,Vũ.,215332,175576.0,248946.15,73370.15
2026-06-11,2026-06-18,REDRED,CORTIS,397994,405090.0,372213.05,32876.95000000001
2026-06-18,2026-06-25,REDRED,CORTIS,405090,459647.0,395447.71,64199.28999999998
2026-06-18,2026-06-25,0 AI NGHĨ,Wxrdie,165126,170093.0,184467.62,14374.619999999995
2026-06-11,2026-06-18,Yêu Một Người Có Lẽ,"Lou Hoàng, Miu Lê",325169,321161.0,318266.64,2894.359999999986
2026-06-18,2026-06-25,Yêu Một Người Có Lẽ,"Lou Hoàng, Miu Lê",321161,309512.0,334581.47,25069.469999999972
2026-06-11,2026-06-18,Ngày Này Năm Ấy,Việt Anh,218729,178246.0,213652.47,35406.47
2026-06-18,2026-06-25,Ngày Này Năm Ấy,Việt Anh,178246,172222.0,181081.03,8859.029999999999
2026-06-11,2026-06-18,10 Ngàn Năm,PC,264097,257592.0,274283.67,16691.669999999984
2026-06-18,2026-06-25,10 Ngàn Năm,PC,257592,258519.0,266604.15,8085.150000000023
2026-06-11,2026-06-18,Simp Gái 808,Low G,205481,198326.0,201820.78,3494.779999999999
2026-06-18,2026-06-25,Simp Gái 808,Low G,198326,187219.0,191532.41,4313.4100000000035
2026-06-11,2026-06-18,Chờ Anh Nhé,"Hoàng Dũng, Hoàng Rob",163072,173047.0,179429.69,6382.690000000002
2026-06-18,2026-06-25,Chờ Anh Nhé,"Hoàng Dũng, Hoàng Rob",173047,168659.0,180423.78,11764.779999999999
2026-06-11,2026-06-18,Nếu Biết Đó Là Lần Cuối,"Đức Trường, BMZ",218873,243391.0,211704.03,31686.97
2026-06-18,2026-06-25,Nếu Biết Đó Là Lần Cuối,"Đức Trường, BMZ",243391,237656.0,229430.17,8225.829999999987
2026-06-11,2026-06-18,Âm Thầm Bên Em,Sơn Tùng M-TP,531099,543145.0,531087.52,12057.479999999981
2026-06-18,2026-06-25,Âm Thầm Bên Em,Sơn Tùng M-TP,543145,494186.0,541735.02,47549.02000000002
2026-06-11,2026-06-18,EM ĐAU,"Phùng Khánh Linh, Thành Luke",197175,190178.0,191358.68,1180.679999999993
2026-06-18,2026-06-25,EM ĐAU,"Phùng Khánh Linh, Thành Luke",190178,172293.0,182986.33,10693.329999999987
2026-06-11,2026-06-18,Đừng Làm Trái Tim Anh Đau,Sơn Tùng M-TP,427580,365312.0,431090.13,65778.13
2026-06-18,2026-06-25,Đừng Làm Trái Tim Anh Đau,Sơn Tùng M-TP,365312,307460.0,362409.28,54949.28000000003
2026-06-11,2026-06-18,một bài hát không vui mấy - Extended Version,"T.R.I, Dangrangto, DONAL",275221,251432.0,279138.68,27706.679999999993
2026-06-18,2026-06-25,một bài hát không vui mấy - Extended Version,"T.R.I, Dangrangto, DONAL",251432,228607.0,250577.93,21970.929999999993
2026-06-11,2026-06-18,Anh Đã Quen Với Cô Đơn,SOOBIN,284414,285979.0,280416.58,5562.419999999984
2026-06-18,2026-06-25,Anh Đã Quen Với Cô Đơn,SOOBIN,285979,269487.0,283575.07,14088.070000000007
2026-06-11,2026-06-18,PHÓNG ZÌN ZÌN,"tlinh, Low G",173972,188249.0,175922.48,12326.51999999999
2026-06-18,2026-06-25,PHÓNG ZÌN ZÌN,"tlinh, Low G",188249,209704.0,179568.32,30135.679999999993
2026-06-11,2026-06-18,2AM,"JustaTee, BigDaddy",366399,375186.0,372935.96,2250.039999999979
2026-06-18,2026-06-25,2AM,"JustaTee, BigDaddy",375186,357163.0,383594.54,26431.53999999998
2026-06-11,2026-06-18,Vùng Ký Ức,Chillies,180673,156577.0,173206.15,16629.149999999994
2026-06-11,2026-06-18,Từng Ngày Yêu Em,buitruonglinh,321173,297402.0,297275.65,126.34999999997672
2026-06-18,2026-06-25,Từng Ngày Yêu Em,buitruonglinh,297402,288788.0,305783.74,16995.73999999999
2026-06-11,2026-06-18,Khi Em Lớn,"Orange, Hoàng Dũng",193338,232468.0,198102.94,34365.06
2026-06-18,2026-06-25,Khi Em Lớn,"Orange, Hoàng Dũng",232468,224023.0,224663.45,640.4500000000116
2026-06-11,2026-06-18,Đã Lỡ Yêu Em Nhiều,JustaTee,333456,331494.0,338767.24,7273.239999999991
2026-06-18,2026-06-25,Đã Lỡ Yêu Em Nhiều,JustaTee,331494,334666.0,357066.86,22400.859999999986
2026-06-11,2026-06-18,Chúng Ta Của Tương Lai,Sơn Tùng M-TP,181483,159896.0,180637.2,20741.20000000001
2026-06-11,2026-06-18,Buông Đôi Tay Nhau Ra,Sơn Tùng M-TP,373306,327434.0,374170.48,46736.47999999998
2026-06-18,2026-06-25,Buông Đôi Tay Nhau Ra,Sơn Tùng M-TP,327434,287957.0,345821.56,57864.56
2026-06-11,2026-06-18,chẳng phải tình đầu sao đau đến thế,"MIN, Dangrangto, antransax",448518,436266.0,426478.52,9787.479999999981
2026-06-18,2026-06-25,chẳng phải tình đầu sao đau đến thế,"MIN, Dangrangto, antransax",436266,433347.0,415139.34,18207.659999999974
2026-06-11,2026-06-18,Love is,Dangrangto,179341,173551.0,171951.07,1599.929999999993
2026-06-11,2026-06-18,Tình Mình Lạ Kì,Lil Zpoet,263840,282493.0,272482.84,10010.159999999974
2026-06-18,2026-06-25,Tình Mình Lạ Kì,Lil Zpoet,282493,253821.0,280479.88,26658.880000000005
2026-06-11,2026-06-18,Chịu Cách Mình Nói Thua,"RHYDER, CoolKid, BAN",182315,172823.0,182009.62,9186.619999999995
2026-06-18,2026-06-25,Chịu Cách Mình Nói Thua,"RHYDER, CoolKid, BAN",172823,168655.0,177581.04,8926.040000000008
2026-06-11,2026-06-18,Thanh Xuân,Da LAB,180801,178267.0,188767.74,10500.73999999999
2026-06-18,2026-06-25,Thanh Xuân,Da LAB,178267,177788.0,183993.88,6205.880000000005
2026-06-11,2026-06-18,2.0,BTS,182034,257792.0,177951.35,79840.65
2026-06-18,2026-06-25,2.0,BTS,257792,176677.0,250357.18,73680.18
2026-06-11,2026-06-18,Người Đầu Tiên,"Juky San, buitruonglinh",286048,266366.0,278060.89,11694.890000000014
2026-06-18,2026-06-25,Người Đầu Tiên,"Juky San, buitruonglinh",266366,251555.0,288717.37,37162.369999999995
2026-06-11,2026-06-18,Anh Là Ai,Phương Ly,175709,166869.0,181312.42,14443.420000000013
2026-06-18,2026-06-25,Anh Là Ai,Phương Ly,166869,168825.0,181865.59,13040.589999999997
2026-06-11,2026-06-18,đôi mắt kẻ tình si,"GREY D, MIN",312689,297071.0,294833.62,2237.3800000000047
2026-06-11,2026-06-18,DANCING IN THE DARK,SOOBIN,377159,352172.0,382226.57,30054.570000000007
2026-06-18,2026-06-25,DANCING IN THE DARK,SOOBIN,352172,312017.0,351623.42,39606.419999999984
2026-06-11,2026-06-18,Lễ Đường,Kai Đinh,169661,165782.0,176092.16,10310.160000000003
2026-06-11,2026-06-18,bình yên,"Vũ., Binz",365062,319667.0,362420.73,42753.72999999998
2026-06-18,2026-06-25,bình yên,"Vũ., Binz",319667,313100.0,316048.96,2948.960000000021
2026-06-11,2026-06-18,hoá ra…,GREY D,387362,357318.0,383057.3,25739.29999999999
2026-06-11,2026-06-18,Thêm Bao Nhiêu Lâu,Đạt G,216174,209525.0,246907.01,37382.01000000001
2026-06-18,2026-06-25,Thêm Bao Nhiêu Lâu,Đạt G,209525,210827.0,244033.82,33206.82000000001
2026-06-11,2026-06-18,Sau Cơn Mưa,"CoolKid, RHYDER",176388,174195.0,175562.44,1367.4400000000023
2026-06-11,2026-06-18,Phonecert,Hoàng Dũng,158357,179792.0,170550.26,9241.73999999999
2026-06-11,2026-06-18,Nếu Ngày Ấy,SOOBIN,455433,420889.0,455967.95,35078.95000000001
2026-06-18,2026-06-25,Nếu Ngày Ấy,SOOBIN,420889,416077.0,436064.84,19987.840000000026
2026-06-11,2026-06-18,Chuyện Đôi Ta (feat. Muộii),"Emcee L (Da LAB), Da LAB, Muộii (Starry Night)",349621,346750.0,353789.63,7039.630000000005
2026-06-18,2026-06-25,Chuyện Đôi Ta (feat. Muộii),"Emcee L (Da LAB), Da LAB, Muộii (Starry Night)",346750,341947.0,363290.71,21343.71000000002
2026-06-11,2026-06-18,Xin Đừng Lặng Im,SOOBIN,269821,278457.0,275205.03,3251.969999999972
2026-06-18,2026-06-25,Xin Đừng Lặng Im,SOOBIN,278457,259764.0,280271.13,20507.130000000005
2026-06-11,2026-06-18,Dù Cho Mai Về Sau,buitruonglinh,161749,153132.0,170974.89,17842.890000000014
2026-06-11,2026-06-18,Dạo Này,Obito,299886,271920.0,289474.74,17554.73999999999
2026-06-18,2026-06-25,Dạo Này,Obito,271920,303069.0,264740.09,38328.909999999974
2026-06-11,2026-06-18,Em Không Khóc (feat. Vũ Phụng Tiên),"buitruonglinh, Vũ Phụng Tiên",163234,158986.0,177890.49,18904.48999999999
2026-06-11,2026-06-18,Không Thời Gian,Dương Domic,270022,238590.0,280965.9,42375.90000000002
2026-06-18,2026-06-25,Không Thời Gian,Dương Domic,238590,222299.0,241534.36,19235.359999999986
2026-06-11,2026-06-18,Nắng Ấm Xa Dần,Sơn Tùng M-TP,159108,155405.0,179977.05,24572.04999999999
2026-06-11,2026-06-18,Bông Hoa Đẹp Nhất,Quân A.P,222226,214556.0,229885.39,15329.390000000014
2026-06-18,2026-06-25,Bông Hoa Đẹp Nhất,Quân A.P,214556,227649.0,247145.81,19496.809999999998
2026-06-11,2026-06-18,24h,Lyly,257978,245790.0,267500.11,21710.109999999986
2026-06-18,2026-06-25,24h,Lyly,245790,286221.0,234964.65,51256.350000000006
2026-06-11,2026-06-18,FaSHioN,CORTIS,163169,164819.0,172477.99,7658.989999999991
2026-06-18,2026-06-25,FaSHioN,CORTIS,164819,202741.0,173471.64,29269.359999999986
2026-06-11,2026-06-18,một đời,"14 Casper, Bon Nghiêm, buitruonglinh",313890,325067.0,301966.91,23100.090000000026
2026-06-18,2026-06-25,một đời,"14 Casper, Bon Nghiêm, buitruonglinh",325067,323271.0,324294.38,1023.3800000000047
2026-06-11,2026-06-18,Exit Sign,"HIEUTHUHAI, marzuz",623188,645355.0,616484.04,28870.959999999963
2026-06-18,2026-06-25,Exit Sign,"HIEUTHUHAI, marzuz",645355,640784.0,661407.32,20623.31999999995
2026-06-11,2026-06-18,Ngàn Năm Ánh Sáng,"Đặng Vĩnh Thịnh, BMZ, Nguyễn Trung Đức",296521,299941.0,287726.87,12214.130000000005
2026-06-18,2026-06-25,Ngàn Năm Ánh Sáng,"Đặng Vĩnh Thịnh, BMZ, Nguyễn Trung Đức",299941,280932.0,299404.43,18472.429999999993
2026-06-11,2026-06-18,Thích Quá Rùi Nà,"tlinh, Trung Trần",255663,278323.0,249525.2,28797.79999999999
2026-06-18,2026-06-25,Thích Quá Rùi Nà,"tlinh, Trung Trần",278323,276034.0,272841.14,3192.859999999986
2026-06-11,2026-06-18,Muộn Rồi Mà Sao Còn,Sơn Tùng M-TP,259864,243973.0,265121.66,21148.659999999974
2026-06-18,2026-06-25,Muộn Rồi Mà Sao Còn,Sơn Tùng M-TP,243973,235042.0,262363.72,27321.719999999972
2026-06-11,2026-06-18,Mascara,Chillies,163572,170316.0,172555.4,2239.399999999994
2026-06-11,2026-06-18,Cho Mình Em,"Binz, Đen",209460,199959.0,247403.09,47444.09
2026-06-18,2026-06-25,Cho Mình Em,"Binz, Đen",199959,206115.0,197341.53,8773.470000000001
2026-06-11,2026-06-18,Chắc Ai Đó Sẽ Về,Sơn Tùng M-TP,204837,216612.0,203678.64,12933.359999999986
2026-06-18,2026-06-25,Chắc Ai Đó Sẽ Về,Sơn Tùng M-TP,216612,198945.0,249314.18,50369.17999999999
2026-06-11,2026-06-18,We Don't Talk Anymore (feat. Selena Gomez),"Charlie Puth, Selena Gomez",203704,202702.0,195864.48,6837.5199999999895
2026-06-18,2026-06-25,We Don't Talk Anymore (feat. Selena Gomez),"Charlie Puth, Selena Gomez",202702,206462.0,198104.91,8357.089999999997
2026-06-11,2026-06-18,có hẹn với thanh xuân,"MONSTAR, GREY D, VƯƠNG BÌNH",246960,207410.0,252049.23,44639.23000000001
2026-06-18,2026-06-25,có hẹn với thanh xuân,"MONSTAR, GREY D, VƯƠNG BÌNH",207410,190732.0,250974.2,60242.20000000001
2026-06-11,2026-06-18,Đến Đây Bên Anh,"Cloud 5, Dangrangto",164677,171733.0,180888.84,9155.839999999997
2026-06-11,2026-06-18,Người Đáng Thương Là Anh,Only C,184328,191867.0,182743.3,9123.700000000012
2026-06-18,2026-06-25,Người Đáng Thương Là Anh,Only C,191867,240846.0,183446.9,57399.100000000006
2026-06-11,2026-06-18,TIẾC CHO EM,RHYDER,162541,156597.0,173445.82,16848.820000000007
2026-06-11,2026-06-18,giá như,SOOBIN,327323,307676.0,323991.93,16315.929999999993
2026-06-18,2026-06-25,giá như,SOOBIN,307676,279004.0,310882.79,31878.78999999998
2026-06-18,2026-06-25,Sweet Boy,Malcolm Todd,162457,176930.0,270297.68,93367.68
2026-06-11,2026-06-18,"Hẹn Một Mai - From"" 4 Năm 2 Chàng 1 Tình Yêu""",Bùi Anh Tuấn,182392,204041.0,183371.52,20669.48000000001
2026-06-18,2026-06-25,"Hẹn Một Mai - From"" 4 Năm 2 Chàng 1 Tình Yêu""",Bùi Anh Tuấn,204041,171289.0,225628.43,54339.42999999999
2026-06-11,2026-06-18,Sinh Ra Đã Là Thứ Đối Lập Nhau (feat. Badbies),"Emcee L (Da LAB), Da LAB, Badbies",286576,275243.0,275276.12,33.11999999999534
2026-06-18,2026-06-25,Sinh Ra Đã Là Thứ Đối Lập Nhau (feat. Badbies),"Emcee L (Da LAB), Da LAB, Badbies",275243,262297.0,281978.78,19681.780000000028
2026-06-11,2026-06-18,Lạ Lùng,Vũ.,186273,194413.0,197330.73,2917.7300000000105
2026-06-18,2026-06-25,Lạ Lùng,Vũ.,194413,196676.0,198421.58,1745.5799999999872
2026-06-11,2026-06-18,An Thần,"Low G, Thắng",212236,203463.0,246569.32,43106.32000000001
2026-06-18,2026-06-25,An Thần,"Low G, Thắng",203463,209248.0,199952.66,9295.339999999997
2026-06-11,2026-06-18,Từng Là Của Nhau,"Bảo Anh, Táo",389233,379815.0,379575.84,239.1599999999744
2026-06-18,2026-06-25,Từng Là Của Nhau,"Bảo Anh, Táo",379815,344575.0,390295.4,45720.40000000002
2026-06-11,2026-06-18,Hà Nội,"Obito, Shiki, VSTRA",195128,175130.0,197631.0,22501.0
2026-06-18,2026-06-25,Hà Nội,"Obito, Shiki, VSTRA",175130,179091.0,187931.91,8840.910000000003
2026-06-11,2026-06-18,Hôm Nay Tôi Buồn,Phùng Khánh Linh,225106,234185.0,225469.95,8715.049999999988
2026-06-18,2026-06-25,Hôm Nay Tôi Buồn,Phùng Khánh Linh,234185,230688.0,230917.27,229.26999999998952
2026-06-11,2026-06-18,Yêu 5,Rhymastic,182310,171864.0,187940.39,16076.390000000014
2026-06-18,2026-06-25,Yêu 5,Rhymastic,171864,169823.0,189151.35,19328.350000000006
2026-06-11,2026-06-18,Anh Muốn Nhìn Thấy Em,"The Wind, Dangrangto",212447,241497.0,246904.65,5407.649999999994
2026-06-18,2026-06-25,Anh Muốn Nhìn Thấy Em,"The Wind, Dangrangto",241497,237139.0,230249.03,6889.970000000001
2026-06-11,2026-06-18,1000 Ánh Mắt,"Shiki, Obito",205737,184953.0,200095.81,15142.809999999998
2026-06-18,2026-06-25,1000 Ánh Mắt,"Shiki, Obito",184953,188823.0,187764.24,1058.7600000000093
2026-06-11,2026-06-18,Attention,Charlie Puth,164989,160535.0,171792.45,11257.450000000012
2026-06-11,2026-06-18,Vết Mưa,VCT,433436,442817.0,433135.97,9681.030000000028
2026-06-18,2026-06-25,Vết Mưa,VCT,442817,404152.0,428272.93,24120.929999999993
2026-06-11,2026-06-18,Thanh Tân - song ca Thùy Chi,"VƯƠNG BÌNH, Thùy Chi",160889,172545.0,270297.68,97752.68
2026-06-11,2026-06-18,Forget About Her,JustaTee,215257,171450.0,248135.41,76685.41
2026-06-11,2026-06-18,MỘNG YU,"AMEE, RPT MCK",160571,168029.0,169210.06,1181.0599999999977
2026-06-18,2026-06-25,MỘNG YU,"AMEE, RPT MCK",168029,175872.0,170294.86,5577.140000000014
2026-06-11,2026-06-18,nếu lúc đó,"tlinh, 2Pillz",248566,265545.0,258868.3,6676.700000000012
2026-06-18,2026-06-25,nếu lúc đó,"tlinh, 2Pillz",265545,260018.0,285879.49,25861.48999999999
2026-06-11,2026-06-18,mới hôm qua,GREY D,187555,179135.0,178619.89,515.109999999986
2026-06-11,2026-06-18,người còn thương em không,Tóc Tiên,170690,226423.0,205781.37,20641.630000000005
2026-06-18,2026-06-25,người còn thương em không,Tóc Tiên,226423,217446.0,221409.03,3963.029999999999
2026-06-11,2026-06-18,Nơi Này Có Anh,Sơn Tùng M-TP,448774,429636.0,434053.56,4417.559999999998
2026-06-18,2026-06-25,Nơi Này Có Anh,Sơn Tùng M-TP,429636,398579.0,430258.96,31679.96000000002
2026-06-11,2026-06-18,"ex's hate me, Pt.2",AMEE,341127,316662.0,350749.13,34087.130000000005
2026-06-18,2026-06-25,"ex's hate me, Pt.2",AMEE,316662,321190.0,329556.04,8366.039999999979
2026-06-11,2026-06-18,Chiều Hôm Ấy,JayKii,206503,202357.0,209945.2,7588.200000000012
2026-06-18,2026-06-25,Chiều Hôm Ấy,JayKii,202357,225597.0,201563.91,24033.089999999997
2026-06-11,2026-06-18,NGƯỜI NHƯ ANH XỨNG ĐÁNG CÔ ĐƠN,"ANH TRAI ""SAY HI"", VCT, Karik, Negav, Ngô Kiến Huy, Jey B",247646,256243.0,231706.44,24536.559999999998
2026-06-18,2026-06-25,NGƯỜI NHƯ ANH XỨNG ĐÁNG CÔ ĐƠN,"ANH TRAI ""SAY HI"", VCT, Karik, Negav, Ngô Kiến Huy, Jey B",256243,238243.0,251968.21,13725.209999999992
2026-06-11,2026-06-18,Giữ Anh Cho Ngày Hôm Qua,"Hoàng Dũng, Rhymastic, Lelarec",194977,172307.0,192203.13,19896.130000000005
2026-06-11,2026-06-18,Hãy Trao Cho Anh,"Sơn Tùng M-TP, Snoop Dogg",359495,247473.0,360049.99,112576.98999999999
2026-06-18,2026-06-25,Hãy Trao Cho Anh,"Sơn Tùng M-TP, Snoop Dogg",247473,188446.0,245924.63,57478.630000000005
2026-06-11,2026-06-18,Người Im Lặng Gặp Người Hay Nói,HIEUTHUHAI,655106,631842.0,667266.88,35424.880000000005
2026-06-18,2026-06-25,Người Im Lặng Gặp Người Hay Nói,HIEUTHUHAI,631842,640492.0,601659.43,38832.56999999995
2026-06-11,2026-06-18,Thu Đợi,"Wren Evans, itsnk",159088,150350.0,168668.88,18318.880000000005
2026-06-11,2026-06-18,A Little Dream Of Me,"Công Dương, Nguyễn Lâm Thảo Tâm, 30 Pictures",272485,263947.0,268634.4,4687.400000000023
2026-06-18,2026-06-25,A Little Dream Of Me,"Công Dương, Nguyễn Lâm Thảo Tâm, 30 Pictures",263947,237995.0,275867.34,37872.340000000026
2026-06-11,2026-06-18,SWIM,BTS,1511906,1856270.0,1343043.57,513226.42999999993
2026-06-18,2026-06-25,SWIM,BTS,1856270,1314752.0,1755421.63,440669.6299999999
2026-06-11,2026-06-18,Hững Hờ,Binz,241064,165263.0,199620.48,34357.48000000001
2026-06-11,2026-06-18,NOLOVENOLIFE,HIEUTHUHAI,190083,197930.0,177089.28,20840.72
2026-06-18,2026-06-25,NOLOVENOLIFE,HIEUTHUHAI,197930,201969.0,194508.72,7460.279999999999
2026-06-11,2026-06-18,Cơn Mưa Cuối,"JustaTee, Binz",222682,205183.0,228142.8,22959.79999999999
2026-06-18,2026-06-25,Cơn Mưa Cuối,"JustaTee, Binz",205183,207743.0,239362.07,31619.070000000007
2026-06-11,2026-06-18,Ai Ngoài Anh,"VSTRA, Tyronee",395688,373758.0,382510.76,8752.76000000001
2026-06-18,2026-06-25,Ai Ngoài Anh,"VSTRA, Tyronee",373758,367215.0,382128.87,14913.869999999995
2026-06-11,2026-06-18,Có Em,"Madihu, Low G",353333,352245.0,360860.01,8615.01000000001
2026-06-18,2026-06-25,Có Em,"Madihu, Low G",352245,330611.0,363596.29,32985.28999999998
2026-06-11,2026-06-18,Có Em Chờ,MIN,179980,167752.0,181672.72,13920.720000000001
2026-06-18,2026-06-25,Có Em Chờ,MIN,167752,196986.0,183820.49,13165.51000000001
2026-06-11,2026-06-18,GO!,CORTIS,182134,186687.0,175427.57,11259.429999999993
2026-06-18,2026-06-25,GO!,CORTIS,186687,224255.0,183260.23,40994.76999999999
2026-06-11,2026-06-18,Ghé Qua,"PC, Dick, tofutns",213822,199343.0,246140.02,46797.01999999999
2026-06-18,2026-06-25,Ghé Qua,"PC, Dick, tofutns",199343,193700.0,192087.61,1612.390000000014
2026-06-11,2026-06-18,Beauty And A Beat,"Justin Bieber, Nicki Minaj",291551,253517.0,289361.42,35844.419999999984
2026-06-18,2026-06-25,Beauty And A Beat,"Justin Bieber, Nicki Minaj",253517,242948.0,290126.2,47178.20000000001
2026-06-11,2026-06-18,Và Thế Giới Đã Mất Đi Một Người Cô Đơn,"marzuz, Changg",601692,624084.0,577426.9,46657.09999999998
2026-06-18,2026-06-25,Và Thế Giới Đã Mất Đi Một Người Cô Đơn,"marzuz, Changg",624084,594839.0,614568.19,19729.189999999944
2026-06-11,2026-06-18,thế giới của anh,"Dangrangto, DONAL",185977,201495.0,176321.02,25173.98000000001
2026-06-18,2026-06-25,thế giới của anh,"Dangrangto, DONAL",201495,181651.0,199939.69,18288.690000000002
2026-06-11,2026-06-18,HONGKONG1,"Nguyễn Trọng Tài, Don Raemo, Double X",161326,152421.0,182079.43,29658.429999999993
2026-06-11,2026-06-18,海屿你,"马也_Crabbit, Cole先生",247443,291565.0,227345.17,64219.82999999999
2026-06-18,2026-06-25,海屿你,"马也_Crabbit, Cole先生",291565,278753.0,245658.05,33094.95000000001
2026-06-11,2026-06-18,Vì Anh Đâu Có Biết,"Madihu, Vũ.",343983,310259.0,356028.74,45769.73999999999
2026-06-18,2026-06-25,Vì Anh Đâu Có Biết,"Madihu, Vũ.",310259,306827.0,318665.31,11838.309999999998
2026-06-11,2026-06-18,Vùng An Toàn,"B Ray, V#",458100,481138.0,450770.58,30367.419999999984
2026-06-18,2026-06-25,Vùng An Toàn,"B Ray, V#",481138,429800.0,445849.32,16049.320000000007
2026-06-11,2026-06-18,NGƯỜI NHƯ ANH XỨNG ĐÁNG CÔ ĐƠN - KHÔNG ĐAU NỮA RỒI,"VCT, Negav, Jey B, Ngô Kiến Huy",264394,236272.0,268915.3,32643.29999999999
2026-06-18,2026-06-25,NGƯỜI NHƯ ANH XỨNG ĐÁNG CÔ ĐƠN - KHÔNG ĐAU NỮA RỒI,"VCT, Negav, Jey B, Ngô Kiến Huy",236272,240787.0,236546.51,4240.489999999991
2026-06-11,2026-06-18,Baby,"Justin Bieber, Ludacris",160702,155409.0,171805.39,16396.390000000014
2026-06-11,2026-06-18,tình yêu chậm trễ,"MONSTAR, GREY D, NICKY, VƯƠNG BÌNH",252401,243802.0,247738.15,3936.149999999994
2026-06-18,2026-06-25,tình yêu chậm trễ,"MONSTAR, GREY D, NICKY, VƯƠNG BÌNH",243802,244134.0,235772.25,8361.75
2026-06-11,2026-06-18,Chờ Tới Khi Anh Về,"HIEUTHUHAI, Hoàng Tôn",199534,189862.0,189597.66,264.3399999999965
2026-06-18,2026-06-25,Chờ Tới Khi Anh Về,"HIEUTHUHAI, Hoàng Tôn",189862,201726.0,182981.34,18744.660000000003
2026-06-11,2026-06-18,vết thương,Fishy,495990,496123.0,481996.28,14126.719999999972
2026-06-18,2026-06-25,vết thương,Fishy,496123,590946.0,477456.53,113489.46999999997
2026-06-11,2026-06-18,Wrong Times,"Puppy, Dangrangto",299027,288643.0,284577.55,4065.4500000000116
2026-06-18,2026-06-25,Wrong Times,"Puppy, Dangrangto",288643,309995.0,283758.14,26236.859999999986
2026-06-11,2026-06-18,Nắng có mang em về,"Shartnuss, Phankeo, Tr.D",316425,310960.0,309554.88,1405.1199999999953
2026-06-18,2026-06-25,Nắng có mang em về,"Shartnuss, Phankeo, Tr.D",310960,312047.0,320650.67,8603.669999999984
2026-06-11,2026-06-18,Em Của Anh Đừng Của Ai!,Long Cao,197432,201695.0,191595.76,10099.23999999999
2026-06-18,2026-06-25,Em Của Anh Đừng Của Ai!,Long Cao,201695,167804.0,197355.37,29551.369999999995
2026-06-18,2026-06-25,Forget Me Now,"Fishy, Trí Dũng",152030,171873.0,180158.21,8285.209999999992
2026-06-11,2026-06-18,Ex's Hate Me,"B Ray, AMEE",175921,171025.0,179579.32,8554.320000000007
2026-06-18,2026-06-25,Come Over,BTS,639690,402536.0,713719.28,311183.28
2026-06-11,2026-06-18,Bước Qua Mùa Cô Đơn,Vũ.,158630,181154.0,169584.84,11569.160000000003
2026-06-11,2026-06-18,LEMONADE,aespa,235919,166985.0,200354.86,33369.859999999986
2026-06-11,2026-06-18,Cho Con (Lullaby pt.2),B Ray,323497,241420.0,297307.37,55887.369999999995
2026-06-11,2026-06-18,Come My Way,"Sơn Tùng M-TP, Tyga",1001784,658697.0,1357753.41,699056.4099999999
2026-06-18,2026-06-25,Come My Way,"Sơn Tùng M-TP, Tyga",658697,464969.0,585313.35,120344.34999999998
2026-06-11,2026-06-18,Ngày Rời Chuyến Bay,"Minh Huy, Pinny",667635,665313.0,687117.86,21804.859999999986
2026-06-18,2026-06-25,Ngày Rời Chuyến Bay,"Minh Huy, Pinny",665313,623688.0,670868.12,47180.119999999995
2026-06-11,2026-06-18,Có Ai Thương Em Như Anh,"Tóc Tiên, Touliver",190215,164394.0,181048.51,16654.51000000001
2026-06-18,2026-06-25,Có Ai Thương Em Như Anh,"Tóc Tiên, Touliver",164394,187672.0,172641.31,15030.690000000002
2026-06-11,2026-06-18,"One Of The Girls (with JENNIE, Lily Rose Depp)","The Weeknd, JENNIE, Lily-Rose Depp",181966,197027.0,181558.96,15468.040000000008
2026-06-18,2026-06-25,"One Of The Girls (with JENNIE, Lily Rose Depp)","The Weeknd, JENNIE, Lily-Rose Depp",197027,195605.0,200277.34,4672.3399999999965
2026-06-11,2026-06-18,Đáng Lý Ra Phải Là Anh,"Đức Trường, BMZ, Kun",165463,182097.0,176423.93,5673.070000000007
2026-06-18,2026-06-25,Đáng Lý Ra Phải Là Anh,"Đức Trường, BMZ, Kun",182097,191381.0,176256.56,15124.440000000002
2026-06-11,2026-06-18,Nước Mắt Em Lau Bằng Tình Yêu Mới,"Da LAB, Tóc Tiên",210655,203988.0,246317.33,42329.32999999999
2026-06-18,2026-06-25,Nước Mắt Em Lau Bằng Tình Yêu Mới,"Da LAB, Tóc Tiên",203988,193822.0,198733.64,4911.640000000014
2026-06-11,2026-06-18,ACAI,CORTIS,225258,215190.0,207907.0,7283.0
2026-06-18,2026-06-25,ACAI,CORTIS,215190,259356.0,247371.97,11984.029999999999
2026-06-11,2026-06-18,dự báo thời tiết hôm nay mưa,GREY D,696729,686958.0,662521.85,24436.150000000023
2026-06-18,2026-06-25,dự báo thời tiết hôm nay mưa,GREY D,686958,665127.0,646505.88,18621.119999999995
2026-06-11,2026-06-18,Chúng Ta Không Thuộc Về Nhau,Sơn Tùng M-TP,219545,179631.0,213411.56,33780.56
2026-06-11,2026-06-18,TNT,CORTIS,185529,182195.0,182456.05,261.04999999998836
2026-06-18,2026-06-25,TNT,CORTIS,182195,229389.0,178532.25,50856.75
2026-06-11,2026-06-18,CHỜ ANH VỀ,"ANH TRAI ""SAY HI"", B Ray, AMEE",158623,151145.0,169446.09,18301.089999999997
2026-06-11,2026-06-18,Bầu Trời Mới,"Da LAB, Minh Tốc & Lam",188170,200373.0,190826.33,9546.670000000013
2026-06-18,2026-06-25,Bầu Trời Mới,"Da LAB, Minh Tốc & Lam",200373,194414.0,200937.03,6523.029999999999
2026-06-11,2026-06-18,bao tiền một mớ bình yên?,"14 Casper, Bon Nghiêm",159995,154165.0,171414.6,17249.600000000006
2026-06-11,2026-06-18,Giờ Thì,buitruonglinh,263585,248924.0,273771.05,24847.04999999999
2026-06-18,2026-06-25,Giờ Thì,buitruonglinh,248924,244210.0,243961.08,248.9200000000128
2026-06-11,2026-06-18,Em Còn Nhớ Anh Không - Remastered,"Hoàng Tôn, Koo",217587,205965.0,213528.38,7563.380000000005
2026-06-18,2026-06-25,Em Còn Nhớ Anh Không - Remastered,"Hoàng Tôn, Koo",205965,182643.0,235119.48,52476.48000000001
2026-06-11,2026-06-18,Die With A Smile,"Lady Gaga, Bruno Mars",158823,158569.0,175213.14,16644.140000000014
2026-06-11,2026-06-18,Who,Jimin,415786,331363.0,396103.02,64740.02000000002
2026-06-18,2026-06-25,Who,Jimin,331363,327343.0,351443.29,24100.28999999998
2026-06-11,2026-06-18,In Love,"Low G, JustaTee",626743,567064.0,602666.72,35602.71999999997
2026-06-18,2026-06-25,In Love,"Low G, JustaTee",567064,558732.0,545647.8,13084.199999999953
